id,title,source,url,image,date,content
1,"['kemlu as ungkap menlu rubio-sugiono juga bahas tarif trump', 'kemlu as ungkap menlu rubio-sugiono juga bahas tarif trump', 'kemlu as ungkap menlu rubio-sugiono juga bahas tarif trump']",Detik,https://news.detik.com/berita/d-7872847/kemlu-as-ungkap-menlu-rubio-sugiono-juga-bahas-tarif-trump,,2025-04-17,"Menteri Luar Negeri RI Sugionobertemu dengan Menlu AS Marco Rubio di Kementerian Luar Negeri AS, Washington DC. Salah satu yang dibahas keduanya adalah soal tarif timbal balik AS terhadap Indonesia. Keduanya bertemu di kantor Kementerian Luar Negeri AS, Washington DC, pada 16 April 2025. Pertemuan ini merupakan tindak lanjut dari komunikasi telepon kedua Menlu pada Januari 2025. Dalam pertemuan tersebut, Menlu Sugiono menyampaikan berbagai prioritas dan program Asta Cita Presiden Prabowo Subianto, di antaranya ketahanan pangan dan energi, hilirisasi, serta pembangunan sumber daya manusia. SCROLL TO CONTINUE WITH CONTENT   Sementara itu, juru bicara Kemlu AS, Tammy Bruce, menjelaskan kedua menlu membahas soal tarif timbal balik AS terhadap Indonesia. Dalam hal ini, Menlu AS menyambut upaya baik Indonesia menawarkan reformasi ekonomi. ""Menteri Rubio dan Menteri Luar Negeri Sugiono membahas tarif timbal balik AS terhadap Indonesia, dan Menteri menyambut baik upaya Indonesia untuk memperkenalkan reformasi ekonomi menuju hubungan perdagangan yang adil dan seimbang,"" ujarnya Tammy seperti dikutip dari laman resmi Kemlu AS, Kamis (17/4/2025). AS juga mengucapkan terima kasih kepada Indonesia atas pemulangan warga yang dideportasi. AS menyoroti pentingnya kerja sama kedua negara. ""Ia berterima kasih kepada Menteri Luar Negeri Sugiono atas upaya Indonesia untuk memfasilitasi pemulangan para deportasinya dari Amerika Serikat. Menteri Luar Negeri Rubio dan Menteri Luar Negeri Sugiono menggarisbawahi pentingnya untuk terus memajukan kemitraan kita,"" tuturnya. Tak hanya itu, keduanya juga membahas soal kerja sama pertahanan dan keamanan. Termasuk soal isu Laut China Selatan. ""Mereka membahas cara-cara untuk memperdalam kerja sama pertahanan dan keamanan, termasuk upaya untuk menegakkan kebebasan navigasi dan penerbangan di Laut China Selatan sesuai dengan hukum internasional,"" jelasnya. Menlu AS juga membahas soal masalah rezim Iran. Khususnya terkait kegiatan yang bisa mengganggu stabilitas. ""Menteri menyoroti pentingnya kampanye tekanan maksimum terhadap rezim Iran untuk membatasi aliran pendapatan yang digunakannya untuk membiayai terorisme, produksi rudal balistik, dan kegiatan-kegiatan yang mengganggu stabilitas lainnya,"" ujarnya. Sedangkan Indonesia dalam hal ini turut membahas komitmennya untuk perdamaian di Palestina. Menlu RI menyoroti peran aktif Presiden Prabowo dalam mendorong proses perdamaian di Palestina, sebagaimana tercermin dari kunjungan Presiden Prabowo ke beberapa negara, seperti Mesir, Yordania, Qatar, UAE, dan Turki. ""Pemerintah Indonesia juga siap untuk mengevakuasi sementara sekitar 1.000 warga Palestina di Jalur Gaza yang terluka untuk dirawat di Indonesia. Setelah itu, mereka akan dipulangkan kembali ke Gaza,"" ujar Menlu Sugiono.  Simak juga Video 'Menimbang Dampak Tarif Trump pada Impor Produk Farmasi': [Gambas:Video 20detik] "
2,"[""bripda seri si 'polisi rimba' guru calistung anak-anak sad jambi"", ""bripda seri si 'polisi rimba' guru calistung anak-anak sad jambi"", ""bripda seri si 'polisi rimba' guru calistung anak-anak sad jambi""]",Detik,https://news.detik.com/berita/d-7872841/bripda-seri-si-polisi-rimba-guru-calistung-anak-anak-sad-jambi,,2025-04-17,"Anggota Polres Bungo Bripda Seri Santoso tak ingin menjadi orang yang lupa akan asal-usulnya. Dia tetap ingin mengabdi dan membantu suku Anak Dalam di Desa Dwi Karya Bakti, Kecamatan Pelepat, Kabupaten Bungo, Jambi. Bripda Seri dikenal sebagai 'Polisi Rimba' karena dirinya putra daerah dari suku Anak Dalam di desa tersebut. Dia mengajarkan baca, tulis, hitung (calistung) untuk anak-anak sekolah dasar (SD) di Desa Dwi Karya Bakti. Atas dedikasinya itu, Bripda Seri diusulkan sebagai kandidatHoegeng Awards 2025oleh Sekretaris Dusun (Sekdus) atau Sekretaris Desa Dwi Karya Bakti, Desi Afriyanti. Tahun lalu, Seri merupakan kandidat Hoegeng Corner. SCROLL TO CONTINUE WITH CONTENT ""Kebetulan Seri itu kan juga termasuk masyarakat kami yang di suku anak dalam. Memang betul beliau mengajar calistung di Kampung Kelukup, tepatnya memang kompleks permukiman suku anak dalam yang khusus disediakan pemerintah, di sana tempat tinggal mereka secara menetap,"" kata Desi kepadadetikcom, Selasa (11/3/2025). Desi menyebut Bripda Seri sudah sekitar 3 tahun aktif mengajarkan calistung kepada anak-anak SD di Desa Dwi Karya Bakti. Menurutnya, kegiatan belajar calistung ini tidak digelar setiap hari, tapi tergantung waktu senggang Bripda Seri dan kesediaan anak-anaknya. ""Untuk kegiatannya selama ini ya kalau saya lihat dan dapat laporan sih aman, lancar alhamdulillah nggak ada kendala dan antusias anak-anak juga luar biasa,"" ucapnya. Menurut Desi, tidak sembarangan orang bisa diterima untuk bisa mengajar warga Suku Anak Dalam di Jambi. Tapi karena Bripda Seri juga bagian dari warga Desa Dwi Karya Bakti, makannya mudah diterima dengan baik oleh anak-anak setempat. ""Mereka itu kan boleh (dibilang) introver ya, kalau saya bilang introver. Jadi harus menyesuaikan, kalau ada yangngajardari luar dari suku mereka. Kebetulan karena Seri ini juga bagian dari mereka, jadi mereka amangitu,antusias untuk mengingat kegiatan calistung,"" ujarnya. Desi mengatakan perangkat Desa Dwi Karya Bakti mendukung kegiatan positif yang dijalankan Bripda Seri. Sebab, kata dia, Bripda Seri membantu dalam meningkatkan kepedulian masyarakat akan pentingnya berpendidikan. ""Harapannya, ke depan, kegiatan ini tetap berjalan, karena bagaimana pun ini kegiatan positif yang mendukung adik-adiknya untuk maju lebih baik lagi. Kami juga berharap nanti ada kiranya anggota Polri lain yang bisa mengajari anak SMP-SMA tentang kesadaran hukum,"" imbuhnya. Dalam Hoegeng Corner 2024, Bripda Seri menceritakan alasan dirinya turun tangan mengajarkan calistung kepada suku anak dalam di Desa Dwi Karya Bakti. Sebagai putra daerah, Bripda Seri merasa punya tanggung jawab untuk membantu dan mencerdaskan warga sekitar tempat tinggalnya. ""Alhamdulillah di warga saya semenjak saya menjadi anggota Polri, sudah banyak sekarang yang sudah sekolah, kurang lebih yang SD sudah 20-an orang, yang SMK sudah 4 orang, SMP 2 orang,"" kata Seri kepadadetikcom, Rabu (9/10/2024). Bripda Seri biasa mengajar di sela-sela atau setelah dirinya lepas tugas, dan anak-anak telah selesai sekolah, biasanya sore hari. Menurutnya, ada sekitar 15 anak-anak yang kerap ikut belajar calistung di sebuah bangunan milik pemda setempat yang dimanfaatkan. ""Pas mereka yang SD-SMP, mereka begitu pulang dari sekolah, sorenya kita ajar mereka membaca, kita ajar menulis,"" ucapnya. Dia mengaku seringnya sendiri ketika mengajar anak-anak suku anak dalam tersebut. Tapi tak jarang ada juga Bhabinkamtibmas dan LSM yang sukarela membantu mendampinginya mengajar. Menurutnya, dalam kurun waktu seminggu dia bisa mengajar 3 sampai 4 kali. ""Itu (mengajar) seminggu 3-4 kali, karena kan ini warga anak dalam ini ndak bisa kita paksakan, nanti kalau mereka waktunya mood mau belajar kita nanti dipanggil 'ayo Pak Seri kita belajar', baru kita ajar. Kalau kita paksakan mereka nanti tidak mau, jadi kadang-kadang seminggu 4 kali, kadang-kadang 3 kali,"" jelasnya. Bripda Seri bersyukur bahwa kegiatan sosialnya itu didukung dan dibantu oleh Polres Bungo. Menurutnya, alat-alat belajar seperti buku, pensil hingga papan tulis selalu dibelikan oleh Polres Bungo. ""Kalau yang membiayai untuk papan tulis sama-sama buku, pensil, penanya dari Polres Bungo. Alhamdulillah kita dibantu oleh Polres Bungo untuk alat-alat belajar mereka,"" ujar Seri. Bripka Seri tak mau adik-adiknya itu tertinggal oleh zaman karena tidak mahir calistung dan tak berpendidikan tinggi. Dia ingin adik-adiknya tersebut mengikuti dan meniru jejak dirinya agar bisa meraih cita-citanya dan tetap bermanfaat bagi masyarakat. ""Saya kepengen untuk suku anak dalam ke depannya supaya lebih maju lagi, supaya lebih modern lagi, supaya adik-adik saya banyak juga yang mengikuti jejak-jejak saya, itulah niatan, terutama niat saya karena kalau ada adik-adik saya yang ikut jejak-jejak saya, saya merasa bangga,"" imbuhnya."
3,"['truk terguling ke sungai saat lewati jembatan kayu di pandeglang', 'truk terguling ke sungai saat lewati jembatan kayu di pandeglang', 'truk terguling ke sungai saat lewati jembatan kayu di pandeglang']",Detik,https://news.detik.com/berita/d-7872838/truk-terguling-ke-sungai-saat-lewati-jembatan-kayu-di-pandeglang,,2025-04-17,"Sebuah mobil truk terguling ke sungai di Kampung Huni, Desa Panimbang Jaya, Kecamatan Panimbang, Kabupaten Pandeglang, Banten. Truk tersebut terguling saat melewati jembatan yang terbuat dari kayu. ""Terguling ke sungai itu saat melewati jembatan dari kayu,"" kata warga setempat bernama Rifki Firmansyah, Kamis (17/4/2025). Rifki mengatakan peristiwa itu terjadi pagi tadi, sekitar pukul 06.30 WIB. Rifki mengungkapkan jembatan dengan panjang 12 meter itu merupakan jembatan sementara. SCROLL TO CONTINUE WITH CONTENT Rifki melanjutkan sebelumnya jembatan sempat ambruk lantaran habis dimakan usia. Sebelum dibangun jembatan sementara oleh Dinas PUPR Pandeglang, warga setempat membuat jembatan dari batang pohon kelapa. ""Sebelumnya, kondisi sudah tua, terus roboh ituudahberapa tahun rusak, dibangun swadaya menggunakan pohon kelapa, tiga bulan ke belakang jembatan kelapa itu ambruk lagi. Solusi sementara dibangunkan jembatan dari kayu,"" ungkapnya. Menurutnya, warga terpaksa melintas lantaran tidak ada akses lain. Ia berharap pemerintah segera membuat jembatan permanen agar warga tidak waswas saat melintas. ""Sebetulnya itu jembatan sementara tidak untuk dilintasi mobil bermuatan berat. Tapi warga terpaksa karena tidak ada pilihan lain, itu akses utama warga,"" ungkapnya. Rifki mengatakan tidak ada korban jiwa dalam kecelakaan tunggal tersebut. Sopir bisa diselamatkan oleh warga yang hendak melintas. ""Sopir selamat, pintunya dibuka oleh warga yang hendak melintas, ada yangnolongin,"" pungkasnya.  Simak juga Video 'CCTV Truk Oleng Tabrak Rumah hingga Konter HP di Solok': [Gambas:Video 20detik] "
4,"['menteri agus cek ternak ayam di nusakambangan, minta lebih banyak napi dilatih', 'menteri agus cek ternak ayam di nusakambangan, minta lebih banyak napi dilatih', 'menteri agus cek ternak ayam di nusakambangan, minta lebih banyak napi dilatih']",Detik,https://news.detik.com/berita/d-7872830/menteri-agus-cek-ternak-ayam-di-nusakambangan-minta-lebih-banyak-napi-dilatih,,2025-04-17,"Menteri Imigrasi dan Permasyarakatan Agus Andriantomengunjungi Pulau Nusakambangan, Cilacap, Jawa Tengah (Jateng), dalam rangka panen perdana. Agus langsung mengecek peternakan ayam yang berada di Lapas Kelas II-B Terbuka. Di peternakan ayam Lapas Terbuka Kelas II-B ini, terdapat 2.494 ekor. Peternakan ini mulai beroperasi awal Februari 2025. Pantauandetikcomdi lokasi, Kamis (17/4/2025) pukul 08.50 WIB, Agus menanyakan kondisi ternak saat ini kepada pihak lapas. Terdapat 10 warga binaan yang turut membantu beternak ayam. SCROLL TO CONTINUE WITH CONTENT Agus meminta pihak lapas memfasilitasi pelatihan bagi lebih banyak lagi narapidana. ""Paling tidak mereka yang kerja di sini warga binaan, bisa mendapat pelatihan yang sama, sehingga mereka punyaskilldari pelatihan itu,"" kata Agus kepada pihak Lapas Kelas II-B Terbuka. Dia pun menekankan kepada pihak lapas soal insentif bagi narapidana yang turut bekerja di peternakan ayam. Agus ingin insentif tersebut menjadi tabungan bagi narapidana setelah bebas, sehingga mereka lebih siap memulai kembali hidup bermasyarakat. ""Mulai bisa kasih insentif warga binaan kapan?"" tanya Agus memastikan. Pihak lapas mengatakan napi akan mendapat insentif terjadi perputaran ekonomi, setelah telur-telur maksimal diproduksi dan terjual. Tercatat hingga 16 April 2025 ayam-ayam ini telah menghasilkan 47.501 telur. Agus pun menanyakan soal sumber pakan ternak. Dia berharap bahan dasar pakan ayam bisa bersumber dari ladang jagung setempat agar biaya pakan bisa ditekan. ""Jagungnya bisa jagung sendiri nggak? Maksudnya buat efisiensi. Kira-kira dicoba begitu bagaimana? Belajar sama orang pakan,"" perintah Agus kepada pihak lapas.  Simak juga Video 'Polisi Bongkar Praktik Ayam Gelonggongan di Pasar Kebayoran Lama Jaksel': [Gambas:Video 20detik] "
5,"['sidang hasto kristiyanto, jalan depan pn jakpus ditutup', 'sidang hasto kristiyanto, jalan depan pn jakpus ditutup', 'sidang hasto kristiyanto, jalan depan pn jakpus ditutup']",Detik,https://news.detik.com/berita/d-7872828/sidang-hasto-kristiyanto-jalan-depan-pn-jakpus-ditutup,,2025-04-17,"Sidang kasus dugaan suap pengurusan pergantian antarwaktu (PAW) anggota DPR untukHarun Masikudan perintangan penyidikan dengan terdakwa Sekjen PDIP,Hasto Kristiyanto, kembali digelar. Jalan di depan Pengadilan Tipikor Jakarta ditutup. Pantauandetikcomdi lokasi, Kamis (17/4/2025), pukul 9.37 WIB, jalan di depan Pengadilan Tipikor Jakarta, Jalan Bungur Besar Raya, Jakarta Pusat, ditutup. Polisi berjaga dan memasang barier di jalan tersebut. Aksi demonstrasi juga terjadi di depan pengadilan. Mereka memberikan dukungan kepada Hasto dan memakai baju bernuansa warna merah. SCROLL TO CONTINUE WITH CONTENT KPK sebelumnya mendakwa Hasto merintangi penyidikan kasus dugaan suap dengan tersangka Harun Masiku. Hasto disebut menghalangi KPK menangkap Harun Masiku, yang jadi buron sejak 2020. ""Dengan sengaja telah melakukan perbuatan mencegah, merintangi, atau menggagalkan secara langsung atau tidak langsung penyidikan terhadap Tersangka Harun Masiku,"" kata jaksa saat membacakan dakwaan dalam sidang di Pengadilan Tipikor Jakarta Pusat. Selain itu, Hasto didakwa menyuap mantan komisioner KPU Wahyu Setiawan Rp 600 juta. Jaksa mengatakan suap itu diberikan agar Wahyu Setiawan mengurus penetapan pergantian antarwaktu (PAW) anggota DPR periode 2019-2024 Harun Masiku. Hasto didakwa memberi suap bersama-sama orang kepercayaannya, Donny Tri Istiqomah dan Saeful Bahri, kemudian juga Harun Masiku. Donny saat ini sudah ditetapkan sebagai tersangka, lalu Saeful Bahri telah divonis bersalah dan Harun Masiku masih menjadi buron. ""Memberi atau menjanjikan sesuatu, yaitu Terdakwa bersama-sama Donny Tri Istiqomah, Saeful Bahri, dan Harun Masiku telah memberi uang sejumlah SGD 57.350 atau setara Rp 600 juta kepada pegawai negeri atau penyelenggara negara, yaitu kepada Wahyu Setiawan selaku anggota Komisi Pemilihan Umum Republik Indonesia (KPU RI) periode 2017-2022,"" kata jaksa, Jumat (14/3)."
6,"['kpk ungkap febri diansyah pernah ikut ekspose kasus harun masiku', 'kpk ungkap febri diansyah pernah ikut ekspose kasus harun masiku', 'kpk ungkap febri diansyah pernah ikut ekspose kasus harun masiku']",Detik,https://news.detik.com/berita/d-7872827/kpk-ungkap-febri-diansyah-pernah-ikut-ekspose-kasus-harun-masiku,,2025-04-17,"KPKtelah memeriksa pengacaraFebri Diansyahterkait perkara suap pergantian antarwaktu (PAW) Harun Masiku. Febri diperiksa dalam kasus itu karena sempat mengikuti ekspose atau gelar perkara dalam kasus Harun. ""Informasinya adalah yang bersangkutan sebagai Kepala Biro Humas mengikuti salah satu ekspose, ekspose perkara yang saat ini sedang juga ditangani oleh penyidik,"" kata jubir KPK Tessa Mahardhika kepada wartawan, Kamis (17/4/2025). Namun belum bisa dirinci materi lebih detail dari pemeriksaan tersebut. Materi pemeriksaan detail baru bisa disampaikan di persidangan. SCROLL TO CONTINUE WITH CONTENT ""Tapi kaitannya apa, pertanyaan-pertanyaannya, saya tidak bisa sampaikan karena memang merupakan materi ya,"" sebutnya. Diketahui Febri Diansyah diperiksa KPK pada Senin (14/4). Seusai pemeriksaan, dirinya menegaskan sudah tidak menjabat sebagai jubir KPK saat OTT itu. ""Yang kedua, pada saat OTT terjadi pada tanggal 8 atau 9 Januari 2020, saya bukan lagi menjadi juru bicara KPK,"" kata Febri Diansyah setelah diperiksa di gedung KPK, Kuningan, Jakarta Selatan, Senin (14/4). Namun, pada saat konferensi pers OTT tersebut, dirinya masih dimintai bantuan. Dia hadir dalam rapat mempersiapkan konferensi pers tersebut. ""Jadi saya hadir di rapat yang terkait dan kemudian fokus saya adalah bagaimana agar informasi tersebar kepada teman-teman media secara cukup proporsional,"" tuturnya. Febri menegaskan, dari kegiatan tersebut, tidak memperoleh informasi yang bersifat rahasia. Informasi yang didapatkannya pun semuanya untuk dipublikasikan ke media. Seperti diketahui, kasus yang menjerat Harun Masiku itu berawal dari operasi tangkap tangan (OTT) yang dilakukan KPK pada 8 Januari 2020. Saat itu, KPK menangkap Wahyu Setiawan, yang masih menjabat komisioner KPU RI. Sehari berselang, KPK mengumumkan penetapan empat orang sebagai tersangka suap terhadap Wahyu. Sedangkan Febri mengajukan pengunduran diri dari KPK secara resmi tertanggal 18 September 2020. Namun Febri masih memiliki cuti sehingga statusnya sebagai pegawai KPK secara resmi sudah ditanggalkannya pada 18 Oktober 2020. Yang berarti, Febri masih menjadi pegawai KPK saat pengusutan kasus tersebut. Jabatan terakhir Febri di KPK adalah Kepala Biro Humas."
7,"['tuai kritik, rute gowes bareng pramono batal lewat jlnt casablanca', 'tuai kritik, rute gowes bareng pramono batal lewat jlnt casablanca', 'tuai kritik, rute gowes bareng pramono batal lewat jlnt casablanca']",Detik,https://news.detik.com/berita/d-7872823/tuai-kritik-rute-gowes-bareng-pramono-batal-lewat-jlnt-casablanca,,2025-04-17,"Dinas Perhubungan (Dishub) Jakarta memastikan rombongan sepeda dalam acara Silaturahride bersamaGubernur Jakarta Pramono Anungtidak akan melewati Jalan Layang Non Tol (JLNT) Casablanca. Keputusan ini diambil setelah muncul penolakan dari sejumlah komunitas yang menilai penggunaan JLNT oleh pesepeda melanggar aturan hukum. ""Kami melihat masih ada masyarakat yang belum sepenuhnya setuju dalam kegiatan khusus pesepeda memanfaatkan JLNT karena menurut mereka jalan ini hanya untuk kendaraan bermotor roda empat saja,"" kata Kepala Dinas Perhubungan (Kadishub) Jakarta Syafrin Liputo saat dikonfirmasi, Kamis (17/4/2025). Adapun jalur yang akan dilalui oleh rombongan sepeda meliputi sejumlah jalan protokol, dimulai dari Balai Kota Jakarta, kemudian melalui Bundaran Patung Kuda, Bundaran HI, Simpang Susun Semanggi, dan Bundaran Senayan, sebelum berputar dan kembali lagi ke Balai Kota. SCROLL TO CONTINUE WITH CONTENT ""Maka kami memutuskan untuk menyesuaikan lintasan Silaturahride ini menjadi Sudirman Loop yang sebelumnya melalui JLNT Casablanca,"" ungkapnya. Sebelumnya Syafrin Liputo sempat merespons adanya kritik dari beberapa komunitas soal kegiatan bersepeda bersama Gubernur DKI Jakarta Pramono Anung yang melewati Jalan Layang Non-Tol (JLNT) Casablanca. Ia mengatakan hal itu tak membahayakan. Syafrin mengatakan,JLNT Casablancamemang sejatinya difungsikan untuk dilintasi kendaraan roda empat. Pasalnya, ruas jalan itu didesain hanya memiliki dua lajur dan tidak ada bahu jalan. ""Oleh sebab itu, pada saat difungsikan sebagai lajur lalu lintas roda empat, tidak diperbolehkan sepeda motor dan pesepeda naik,"" kata Syafrin saat dikonfirmasi, Rabu (16/4). Menurut dia, adanya sepeda motor atau sepeda melintas di JLNT ketika digunakan untuk kendaraan roda empat akan membahayakan. Hal itu lantaran terdapat potensi terjadinya senggolan dengan mobil sangat tinggi. Namun, ketika JLNT Casablanca ditutup untuk kendaraan umum, potensi itu bisa diantisipasi. ""Pada saat JLNT ditutup untuk kendaraan bermotor dan hanya digunakan bagi pesepeda, maka pesepeda aman melintas JLNT,"" ungkapnya. Kegiatan bersepeda yang direncanakan memiliki rute sepanjang 39,27 kilometer akan dimulai sejak pukul 05.00 hingga pukul 09.00 WIB pada Sabtu (19/4) mendatang. Aktivitas olahraga itu akan dimulai dari Balai Kota DKI-Bundaran HI-Simpang Susun Semanggi-Bundaran Senayan-Simpang Susun Semanggi-Intiland Tower-U-Turn Karet Bivak-JLNT Casablanca-U-Turn di atas Underpass Casablanca dan kembali ke Balai Kota DKI.  Simak juga Video 'Pramono Bakal Buka Taman Ayodya, Langsat, dan Leuser 24 Jam': [Gambas:Video 20detik] "
8,"['menlu sugiono bertemu menlu as, bahas kerja sama ekonomi hingga soal palestina', 'menlu sugiono bertemu menlu as, bahas kerja sama ekonomi hingga soal palestina', 'menlu sugiono bertemu menlu as, bahas kerja sama ekonomi hingga soal palestina']",Detik,https://news.detik.com/berita/d-7872815/menlu-sugiono-bertemu-menlu-as-bahas-kerja-sama-ekonomi-hingga-soal-palestina,,2025-04-17,"Pemerintah Indonesia danAmerika Serikat (AS)terus memperkuat komitmen untuk memperluas kemitraan strategis. Selain itu, Indonesia menegaskan komitmennya menciptakan perdamaian di Palestina. Hal tersebut disampaikan dalam pertemuan bilateral Menteri Luar Negeri RI Sugiono dengan Menlu AS Marco Rubio di Kementerian Luar Negeri AS, Washington DC, pada 16 April 2025. Pertemuan ini merupakan tindak lanjut dari komunikasi telepon kedua menlu pada Januari 2025. Dalam pertemuan tersebut, Menlu Sugiono menyampaikan berbagai prioritas dan program Asta Cita Presiden Prabowo Subianto, di antaranya ketahanan pangan dan energi, hilirisasi, serta pembangunan sumber daya manusia. SCROLL TO CONTINUE WITH CONTENT   Sejumlah prioritas tersebut membuka peluang kerja sama konkret dengan pemerintah AS. Menlu Sugiono juga mendorong penguatan kerja sama ekonomi RI-AS, termasuk dalam konteks rantai pasok, dengan mengundang investor AS untuk berinvestasi di sektor mineral kritis, seperti nikel, dan sektor-sektor penting lain. ""Pemerintah Indonesia telah banyak melakukan langkah-langkah deregulasi untuk mempermudah dan menciptakan situasi kondusif bagi investor asing,"" ujar Menlu Sugiono dalam keterangan tertulisnya, Kamis (17/4/2025). Menlu AS juga menyampaikan momentum pertemuan dan penguatan kerja sama bilateral Indonesia dan AS saat ini sangat tepat. Pasalnya, geopolitik global saat ini begitu dinamis. Selain itu, kedua Menlu juga membahas isu-isu regional dan global, seperti Laut China Selatan dan Palestina, dan menegaskan pentingnya mengedepankan semangat kerja sama dan dialog dalam menciptakan stabilitas dan perdamaian di kawasan. Terkait Palestina, Menlu RI menyoroti peran aktif Presiden Prabowo dalam mendorong proses perdamaian di Palestina, sebagaimana tecermin dari kunjungan Presiden Prabowo ke beberapa negara, seperti Mesir, Yordania, Qatar, UAE, dan Turki. ""Pemerintah Indonesia juga siap untuk mengevakuasi sementara sekitar 1.000 warga Palestina di Jalur Gaza yang terluka untuk dirawat di Indonesia. Setelah itu, mereka akan dipulangkan kembali ke Gaza,"" ujar Menlu Sugiono. Selain itu, Menlu menegaskan Indonesia menolak relokasi warga Palestina di Gaza dari tanah airnya. Untuk diketahui, Menlu Sugiono merupakan menlu pertama dari negara-negara ASEAN yang diterima oleh Menlu AS di Washington DC.  Simak juga Video 'Komisi I DPR Rapat Bareng Menlu Kamis Ini, Bahas Dubes RI untuk AS': [Gambas:Video 20detik] "
9,"['ganjar hadiri sidang hasto kristiyanto, beri semangat', 'ganjar hadiri sidang hasto kristiyanto, beri semangat', 'ganjar hadiri sidang hasto kristiyanto, beri semangat']",Detik,https://news.detik.com/berita/d-7872812/ganjar-hadiri-sidang-hasto-kristiyanto-beri-semangat,,2025-04-17,"Ketua DPP PDIP sekaligus mantan Gubernur Jawa Tengah Ganjar Pranowo tiba di Pengadilan Tipikor Jakarta Pusat. Ganjar datang untuk mendukung langsung Sekjen PDIPHasto Kristiyantodalam sidang kasus dugaan suap pengurusan pergantian antarwaktu (PAW) anggota DPR untukHarun Masikudan perintangan penyidikan. ""Oh iya, kita selalu dukung,"" kata Ganjar Pranowo di Pengadilan Tipikor Jakarta Pusat, Kamis (17/4/2025). Ganjar mengatakan ingin memberikan semangat kepada Hasto. Dia berharap persidangan berjalan lancar. SCROLL TO CONTINUE WITH CONTENT ""Semangat untuk Mas, Pak Hasto, bisa menghadapi ini lancar dan tegar,"" ujarnya. Selain Ganjar, Ketua DPP PDIP Djarot Saiful Hidayat turut hadir dalam persidangan. Djarot tampak memeluk Hasto sebelum persidangan dimulai. KPK mendakwa Hasto merintangi penyidikan kasus dugaan suap dengan tersangka Harun Masiku. Hasto disebut menghalangi KPK menangkap Harun Masiku, yang jadi buron sejak 2020. Hasto disebut memerintahkan Harun Masiku merendamhandphoneagar tak terlacak KPK saat operasi tangkap tangan (OTT) pada 8 Januari 2020. Hasto juga disebut memerintahkan Harun Masikustand bydi kantor DPP PDIP agar tak terlacak KPK. Perbuatan Hasto itu disebut membuat Harun Masiku bisa kabur. Harun Masiku pun masih menjadi buron KPK. Selain itu, Hasto didakwa menyuap mantan komisioner KPU Wahyu Setiawan Rp 600 juta. Jaksa mengatakan suap itu diberikan agar Wahyu Setiawan mengurus penetapan pergantian antarwaktu (PAW) anggota DPR periode 2019-2024 Harun Masiku. Hasto didakwa memberi suap bersama-sama orang kepercayaannya, Donny Tri Istiqomah dan Saeful Bahri kemudian juga Harun Masiku. Donny saat ini sudah ditetapkan sebagai tersangka, lalu Saeful Bahri telah divonis bersalah dan Harun Masiku masih menjadi buron."
10,"['buron 13 tahun, terpidana kasus korupsi mts pandeglang ditangkap di serang', 'buron 13 tahun, terpidana kasus korupsi mts pandeglang ditangkap di serang', 'buron 13 tahun, terpidana kasus korupsi mts pandeglang ditangkap di serang']",Detik,https://news.detik.com/berita/d-7872800/buron-13-tahun-terpidana-kasus-korupsi-mts-pandeglang-ditangkap-di-serang,,2025-04-17,"Tim Tangkap Buron (Tim Tabur) Kejati Banten menangkap terpidana kasuskorupsirehabilitasi rehabilitasi ruang kelas dan peningkatan sarana MTs di Pandeglang pada 2010. Terpidana ini melarikan diri setelah belasan tahun bersembunyi di daerah Cianjur, Jawa Barat. ""DPO atas nama Kasmin Madrai Nawawi di Terminal Pakupatan, Kota Serang,"" kata Kasi Penkum Kejati Banten Rangga Adekresna, Kamis (17/4/2025).  SCROLL TO CONTINUE WITH CONTENT Kasmin di Pengadilan Tipikor Serang divonis majelis hakim selama 4 tahun penjara pada 2011. Saat melakukan upaya banding, ia hanya divonis 1 tahun. ""3 Januari 2012, di situ Terpidana lepas demi hukum karena tidak ada alasan menghukum,"" tambahnya.  Namun, pada putusan kasasi yang keluar pada Mei 2012, Mahkamah Agung (MA) memperkuat putusan Pengadilan Tipikor. Kejati Banten telah melakukan upaya pemanggilan kepada terpidana, tapi dia malah melarikan diri. ""Dipanggil sebanyak dua kali tidak hadir dan melarikan diri,"" paparnya. Tim Tabur Kejati awalnya mendapatkan informasi bahwa DPO ini ada di Kecamatan Desa Caringin di Cianjur. Tim, katanya, melakukan pengintaian ke lokasi yang dicurigai sebagai tempat persembunyiannya. Rangga mengatakan terpidana melarikan diri dibantu oleh kakak kandungnya. Saat proses pengintaian, Kasmin diduga hendak melarikan diri ke Banten, tetapi, upayanya bisa digagalkan dan kemudian dia ditangkap setelah sampai di Terminal Pakupatan, Kota Serang, pada Rabu (16/4) dini hari. ""DPO lalu dibawa dan diserahkan ke Kejari Pandeglang untuk proses hukum selanjutnya,"" pungkasnya. Adapun dalam putusan kasasi MA, Kasmin dihukum 4 tahun penjara denda Rp 200 juta subsider 1 bulan. Dia juga dikenai uang pengganti Rp 2 juta dengan ketentuan, bila tidak dibayar, dipidana 1 bulan. Simak juga Video 'Terkuak! Siswa MTs Pacitan Tewas Diracuni Tetangga Pakai Kopi Sianida': [Gambas:Video 20detik]  Saksikan Live DetikPagi:"
11,"['viral pasien wanita ngaku dilecehkan, dokter di rs swasta malang dinonaktifkan', 'viral pasien wanita ngaku dilecehkan, dokter di rs swasta malang dinonaktifkan', 'viral pasien wanita ngaku dilecehkan, dokter di rs swasta malang dinonaktifkan']",Detik,https://news.detik.com/berita/d-7872783/viral-pasien-wanita-ngaku-dilecehkan-dokter-di-rs-swasta-malang-dinonaktifkan,,2025-04-17,"Seorang pasien perempuan yang tengah menjalani pemeriksaan medis di salah satu rumah sakit swasta di Kota Malang mengakudilecehkan. Perempuan inisial QAR itu mengaku pelecehan yang dialaminya terjadi pada 2022. ""Bismillah... Karna lg rame ttg pelecehan, aku mau speak up ttg apa yang aku alami juga di bulan September akhir 2022, yg dimana terjadi di sebuah RS swasta di Kota Malang,"" tulis QAR lewat akun Instagramnya, seperti dilansirdetikJatim, Kamis (17/4/2025). Kasus itu bermula saat QRA berobat ke IGD rumah sakit terdekat karena mengalami sinusitis dan vertigo berat. Seperti pasien pada umumnya, QRA langsung mendapatkan penanganan dan menjalani pemeriksaan rontgen oleh seorang dokter umum berinisial YA. Selanjutnya QRA diminta mencatat nomor WhatsApp dengan keperluan untuk pengiriman hasil rontgen. SCROLL TO CONTINUE WITH CONTENT ""Dokter umum tersebut suruh aku, 'Mbak, catat nomornya, nanti pihak RS kirim hasil rontgennya melalui WhatsApp,'"" katanya menirukan pernyataan sang dokter. Setelah penanganan awal itu, QRA dipindahkan ke ruang rawat inap karena harus menjalani pemeriksaan lanjutan. Dia mengaku berada di ruang VIP tanpa seorang pun menemani. ""Lupa malam itu atau esok harinya, hasil rontgen dikirim melalui WhatsApp. Ternyata itu nomor dokter itu sendiri. Dan dokter itu terus-terusan WhatsApp, meskipun nggak direspons,"" bebernya. Tangkapan layar isichatWhatsApp dokter YA pun turut diunggah oleh QRA. Beberapa hari berselang, kondisi QRA mulai membaik dan mengaku sudah mendapat izin pulang dari dokter yang menangani, yakni dr Nadin. Namun tiba-tiba dokter YA datang dengan alasan 'menjenguk'. Setelah basa-basi menanyakan kondisi QRA, dokter YA kemudian memeriksa bagian mata dan mulut. Tidak hanya itu, menurut QRA dokter itu juga mengeluarkan stetoskop dan meminta Qorry membuka bajunya hingga membuat korban risi. Persada Hospital akhirnya buka suara terkait dugaan pelecehan yang menyeret dokter YA terhadap pasien berinisial QRA akhir September 2022. Persada mengakui YA adalah salah satu dokter bertugas di rumah sakitnya. ""Terkait pemberitaan yang beredar, kami mengonfirmasi bahwa yang bersangkutan adalah dokter di Persada Hospital,"" ujar Supervisor Humas Persada Hospital Sylvia Kitty Simanungkalit kepada wartawan, dilansirdetikJatim, Kamis (17/4/2025). Sylvia mengaku pihaknya telah melakukan proses investigasi internal. Selain juga menonaktifkan dokter YA untuk sementara waktu. Simak selengkapnyadi sinidandi sini.  Simak juga Video 'Pesan dari Oknum Dokter Kandungan di Garut Usai Kasusnya Viral': [Gambas:Video 20detik] "
12,"['diskusi bareng pakar, menbud bahas promosi gastronomi ri di kancah global', 'diskusi bareng pakar, menbud bahas promosi gastronomi ri di kancah global', 'diskusi bareng pakar, menbud bahas promosi gastronomi ri di kancah global']",Detik,https://news.detik.com/berita/d-7872757/diskusi-bareng-pakar-menbud-bahas-promosi-gastronomi-ri-di-kancah-global,,2025-04-17,"Kementerian Kebudayaan menggelar diskusi terkait promosi gastronomi Indonesia di luar negeri bersama para pegiat gastronomi Nusantara. Adapun diskusi ini berangkat dari absennya narasi bersama yang mampu memposisikan gastronomi Indonesia sebagai high-value cultural product. Diskusi ini memfasilitasi ruang kolaborasi sistematis antara pemerintah, pelaku industri, dan komunitas gastronomi untuk memetakan jalan kolaboratif promosi gastronomi Indonesia. Pada kesempatan ini, Menbud Fadli Zon mengapresiasi para pakar penggerak gastronomi Nusantara dalam mengembangkan kuliner Indonesia yang merupakan warisan rasa. Ia menyampaikan kekayaan rasa terbentuk dari tiga fase besar dalam sejarah pangan. SCROLL TO CONTINUE WITH CONTENT ""Pertama adalah fase lokal, berbasis bahan dan teknik lokal seperti fermentasi, pembakaran kukusan daun pisang. Kedua, fase multikultural dengan masuknya pengaruh India, Arab, Tiongkok, Persia, hingga Eropa. Ketiga, fase kontemporer melalui tren global dispora,"" ujar Fadli dalam keterangan tertulis, Kamis (17/4/2025). Hal ini disampaikan Fadli saat membuka diskusi di di Aula Gedung A lantai 2, Kompleks Kementerian Kebudayaan, Rabu (16/4). ""Kita memandang pentingnya gastronomi sebagai bagian dari strategi pemajuan kebudayaan, sebagaimana diamanatkan di Pasal 32 UUD 1945 dan UU No 5 Tahun 2017 tentang pemajuan kebudayaan, serta UU No 18 tahun 2012 tentang pangan."" tambah Fadli. Fadli mengatakan saat ini masih terdapat beberapa tantangan yang perlu menjadi perhatian bersama terkait gastronomi. Hal ini termasuk representasi kuliner yang masih terpusat di wilayah tertentu. Kemudian, belum adanya kerangka kerja maupun roadmap nasional yang secara khusus mengatur promosi gastronomi atau gastrodiplomacy. Selain itu, minimnya pendampingan terkait pelatihan kuliner, pelabelan produk, dan pencatatan historis di balik makanan.  Untuk itu, Fadli berharap diskusi ini dapat menghasilkan roadmap strategi promosi gastronomi Indonesia. Ia juga mengajak kolaborasi bersama para pegiat gastronomi serta pemerintah daerah dalam World Culture Forum yang dicanangkan berlangsung tahun 2025 di Bali. ""Diskusi hari ini menjadi awal yang penting dalam penyusunan kerangka nasional promosi gastronomi Indonesia di tingkat global. Saya yakin melalui diskusi ini dapat lahir gagasan dan rekomendasi sebagai fondasi penyusunan kerangka kebijakan yang komprehensif dan inklusif dalam mendorong kolaborasi lintas sektor,"" paparnya. Sementara itu pakar kuliner William Wongso mengungkapkan pentingnya pendidikan dasar untuk meneliti mengenai budaya kuliner itu sendiri. Ia menilai hal tersebut masih cukup lemah dan dipandang sebelah mata. ""Anak muda Indonesia harus mengenal kulinernya sendiri dan sekarang kita harus melihat apa yang menjadi kelemahan kita dalam mempromosikan makanan serta bagaimana strateginya,"" ujar William.  Selain menggarisbawahi edukasi, para pegiat gastronomi yang hadir juga membahas pentingnya merancang narasi utama promosi gastronomi Indonesia, mempertahankan pangan lokal, mendorong regulasi, pengarsipan resep, dan inisiasi food museum.  Mereka juga berdiskusi tentang upaya mewujudkan kemandirian pangan lewat pangan lokal, sehingga masyarakat tidak bergantung dari produk luar. Terkait diplomasi budaya, diperlukan roadmap untuk memperkuat kehadiran budaya Indonesia di kancah global, khususnya melalui sektor kuliner dan wellness. Sebagai informasi, diskusi ini menghadirkan para pakar gastronomi Nusantara, seperti William Wongso; Farah Maulidynna, Joogla; Bukhi Prima Putri, Bhumi Bhuwana; Vita Datau, pakar Gastronomy Tourism; Kevindra Soemantri; Ragil Imam Wibowo, Nusa Indonesia Gastronomy; dan Indonesia Gastronomy Community. Turut hadir dalam diskusi yakni, Wakil Menteri Kebudayaan Giring Ganesha Djumaryo; Direktur Jenderal Diplomasi, Promosi, dan Kerja sama Kebudayaan; Direktur Jenderal Pengembangan, Pemanfaatan, dan Pembinaan Kebudayaan; beserta segenap jajaran Kementerian Kebudayaan.  Simak juga Video 'Keinginan Kepala BPOM Kuatkan Reputasi Farmasi Indonesia di Kancah Global': [Gambas:Video 20detik] "
13,"['truk mogok di lintasan stasiun tangerang, perjalanan krl sempat terganggu', 'truk mogok di lintasan stasiun tangerang, perjalanan krl sempat terganggu', 'truk mogok di lintasan stasiun tangerang, perjalanan krl sempat terganggu']",Detik,https://news.detik.com/berita/d-7872751/truk-mogok-di-lintasan-stasiun-tangerang-perjalanan-krl-sempat-terganggu,,2025-04-17,"Satu unit truk mengalamimogok di pelintasan rel Stasiun Tangerangpagi ini. Imbasnya, perjalanan KRL Commuter Line di Stasiun Tangerang-Tanah Tinggi sempat terganggu. Informasi tersebut disampaikan KAI Commuter melalui akun X, Kamis (17/4/2025). Truk mogok ini mengakibatkan perjalanan KRL sempat terganggu karena proses evakuasi yang memakan waktu. Perjalanan KRLmenunggu situasi jalur rel amanuntuk dilintasi. Pihak KAI Commuter menyampaikan permintaan maaf atas keterlambatan tersebut. SCROLL TO CONTINUE WITH CONTENT ""Info awal terdapat truk mogok di pelintasan antara Stasiun Tangerang-Tanah Tinggi, saat ini masih dalam proses evakuasi, perjalanan KA menunggu aman untuk diberangkatkan. Mohon maaf atas ketidaknyamanannya,"" tulis KAI Commuter, dikutipdetikcom, Kamis (17/4) pukul 09.10 WIB. Saat ini penanganan truk mogok sudah berhasil dievakuasi. PerjalananKRL kembali normal. ""Info Lanjut truk mogok di perlintasan antara Stasiun Tangerang-Tanah Tinggi telah selesai penanganan. Perjalanan Commuter Line dilayani normal kembali dan dalam proses penguraian kepadatan di lintas. Mohon maaf atas ketidaknyamanannya,"" tulis KAI Commuter. Lihat juga Video 'CCTV Truk Oleng Tabrak Rumah hingga Konter HP di Solok: [Gambas:Video 20detik] "
14,"['5 kabar mitra mbg di kalibata tak dibayar yayasan hampir rp 1 miliar', '5 kabar mitra mbg di kalibata tak dibayar yayasan hampir rp 1 miliar', '5 kabar mitra mbg di kalibata tak dibayar yayasan hampir rp 1 miliar']",Detik,https://news.detik.com/berita/d-7872731/5-kabar-mitra-mbg-di-kalibata-tak-dibayar-yayasan-hampir-rp-1-miliar,,2025-04-17,"Salah satu mitra programMakan Bergizi Gratis(MBG) di Kalibata tak dibayar oleh yayasan hingga terpaksa berhenti operasi. Mitra tersebut tidak dibayar oleh yayasan hampir Rp 1 miliar. Fakta tersebut terungkap setelah pihak mitra MBG Kalibata memutuskan melaporkan SPPG Kalibata ke pihak kepolisian. Dari sana terungkap bahwa ada dugaan penggelapan dana yang dilakukan SPPG Kalibata senilai Rp 975.375.000. Pihak kepolisian kini langsung bergerak mengusut persoalan itu. Kepala Badan Gizi Nasional (BGN) Dadan Hindayana pun langsung menemui mitra MBG Kalibata. SCROLL TO CONTINUE WITH CONTENT Ia meminta mitra MBG Kalibata tetap buka dan beroperasi membuat makanan untuk anak-anak sekolah. Simak beberapa kabar terkait mitra MBG Kalibata tak dibayar hampir Rp 1 miliar. Dia menyebut mitra MBG Kalibata menjalin kerja sama dengan SPPG Kalibata sejak Februari sampai Maret 2025. Pihaknya sudah memasak kurang lebih sebanyak 65.025 porsi yang terbagi dalam dua tahap. ""Perselisihan ini terjadi pada Senin (24/3), di mana Ibu Ira mengetahui ternyata terdapat perbedaan anggaran untuk siswa-siswi PAUD, TK, RA atau SD,"" kata Danna Harly, dilansirAntara, Rabu (16/4/2025). Dalam kontraknya, perjanjian dengan yayasan dicantumkan harga Rp 15 ribu per porsi. Namun, di tengah jalan, sebagian diubah menjadi Rp 13 ribu. Dinyatakan bahwa pihak yayasan telah mengetahui adanya perbedaan anggaran ini sebelum tanda tangan kontrak, yakni pada Desember 2024. ""Setelah ada pengurangan, hak kami sebagai mitra dapur masih dipotong sebesar Rp 2.500. Jadi dari Rp 15 ribu dipotong Rp 2.500 menjadi Rp 12.500 dan dari Rp 13 ribu dipotong pula Rp 2.500 setiap porsinya,"" katanya. Terlebih, diketahui dari Badan Gizi Nasional (BGN) telah melakukan pembayaran kepada pihak yayasan sebesar Rp 386.500.000. Ketika Ira hendak menagih haknya kepada pihak yayasan, pihak yayasan malah berkata bahwa Ibu Ira kekurangan bayar sebesar Rp 45.314.249 dengan dalil kebutuhan di lapangan. Fakta di lapangan, seluruh dana operasional dikeluarkan oleh Ibu Ira, mulai bahan pangan, sewa tempat, kendaraan, listrik, peralatan dapur dan juru masak. ""Itu semua Ibu Ira yang membiayai,"" katanya. Saat ditagih untuk pencairan tahap dua, pihaknya mengaku tidak dibayarkan sama sekali oleh pihak yayasan. Pihaknya juga menyesalkan tindakan Satuan Pelayanan Pemenuhan Gizi (SPPG) yang tidak ada keterbukaan informasi. Hingga akhirnya, pihaknya sepakat untuk mengakhiri menjadi mitra Program MBG di Kalibata.  Danna mengatakan laporan itu tertuang dalam Nomor: LP/B/1160/IV/2025/SPKT/POLRES METRO JAKSEL/POLDA METRO JAYA pada Kamis (10/4) pukul 14.11 WIB. ""Kami selaku kuasa hukum menyesalkan tindakan MBN yang tidak membayarkan sepeserpun hak dari Ibu Ira, selaku mitra dapur Makan Bergizi Gratis di Kalibata,"" kata Dana. Selain lapor ke polisi, pihak mitra MBG di Kalibata juga akan menggugat pihak Yayasan MBN. Dana mengatakan gugatan perdata diperlukan karena ada hak daripada mitra MBG dalam kasus ini. ""Masalah itu sekarang ini hanya kepada Ibu Ira dengan yayasan,clearitu. Dan itu sudah kita buat laporan polisi dan akan kita gugat perdata juga. Karena ada hak kita di situ,"" kata Dana. Danna menjelaskan, sesuai kontrak, ditemukan hasil penunggakan pembayaran sebesar Rp 975.375.000. Jumlah tersebut akan menjadi dasar mengajukan gugatan ke pengadilan. ""Nah, itu kan kita bicarabase by contractya.Base by contractitu kontrak yang kita perjanjikan antara Ibu Ira dengan Yayasan. Itulah patokan kita, itulah yang menjadi dasar nanti kita ajukan gugatan ke pengadilan. Jadi kita tetap kejar di situ. Karena di kontrak statusnya jelas Rp 15.000 per porsi. Kita akan kejar di situ,"" tutur Dana. ""Betul, jadi sudah melapor ke Polres Metro Jakarta Selatan, sudah ditangani oleh Polres Metro Jakarta Selatan untuk yang makan gratis,"" kata Kasi Humas Polres Metro Jakarta Selatan Kompol Nurma Dewi kepada wartawan di kantornya, Rabu (16/4). Untuk sementara ini, pihak kepolisian belum menjadwalkan pemanggilan. Namun, Nurma memastikan pihaknya akan terus mendalami laporan itu. ""Itu sudah yang kerja sama antara pihak kedua dan ketiga. Nah, itu yang terjadi. Namun demikian, pasti kita dalami,"" ujar dia. Atas perbuatannya, yayasan MBN disangkakan dugaan tindak pidana penipuan/perbuatan curang berdasarkan UU Nomor 1 Tahun 1946 tentang KUHP sebagaimana dimaksud dalam Pasal 378 KUHP dan/atau 372 KUHP. ""Kuitansi kerja sama, ada kerja sama antara kedua belah pihak yang diserahkan ke Polres Metro Jakarta Selatan,"" kata Kompol Nurma. Ia mengatakan dalam kuitansi itu tercantum penjelasan bahwa mitra MBG Kalibata dan Yayasan SPPG memang bekerja sama. Selain itu, ada nominal senilai Rp 900 juta dalam kuitansi itu. ""Kuitansi senilai Rp 900 juta lebih kita terima untuk sementara ini,"" ujar dia. ""Tadi kita sudah bicara panjang lebar dengan Pak Dadan, alhamdulillah ditemukan solusi yang cukup baik. Jadi mulai besok pun dapur di Kalibata sudah mulai beroperasi kembali,"" kata Dana. Danna mengatakan kliennya mau kembali membuka dapur MBG karena ingin menyukseskan program Presiden Prabowo Subianto. Mediasi yang sempat dilakukan sebelumnya juga menegaskan kliennya mau melanjutkan kerja sama tersebut namun dengan syarat adanya pembenahan dari pihak yayasan. ""Alasan dasar kenapa Ibu Ira mau masuk dalam program Makan Bergizi Gratis, karena memang dasarnya Ibu Ira ingin menyukseskan program Bapak Prabowo Subianto. Dan bahkan kan saya sempat mediasi waktu itu, minggu kemarin,"" jelasnya. ""Saya bilang, kalau misalnya memang bisa lanjut, akan kita lanjutkan. Tapi tolong dibenahi. Dan akhirnya tadi setelah kita ketemu, dibenahi semua, besok kita sudah bisa lanjut beroperasi,"" tambahnya. Danna menjelaskan biaya operasional untuk dapur tersebut nantinya dari modal kliennya juga bantuan dari pihak BGN. Namun, teknisnya akan dibicarakan lebih lanjut dari kliennya dan BGN. ""Jadi untuk beberapa hari ya (biaya operasionalnya) tapi sudah dibantu juga dari pihak-pihak BGN. Mekanisme seperti apa, nanti kita tunggu. Tapi yang jelas, kita sudah komitmen. Sudah tadi sudah bisa untuk melanjutkan. Ibu Ira nanti modal lagi. Untuk sistemnya semua sudah dijelaskan tadi, sudah jelas. Teknisnya akan dibahas lebih lanjut,"" ucapnya. Sementara itu, Kepala BGN Dadan menuturkan hasil mediasi antara mitra dan yayasan yang dilakukan hari ini karena adanya kesalahpahaman antara mitra dan yayasan. Dadan meminta mitra dapur MBG tersebut untuk tidak membawa-bawa BGN dalam permasalahan ini. ""Dan kami tadi mediasi di dalam, kemudian kami dengarkan masalah di antara mereka. Itu hanya masalah salah paham di antara mereka saja. Dan saya sudah minta kepada yang melakukan konpers untuk mengklarifikasi,"" ujar Dadan. Dadan menegaskan urusan BGN dalam kasus ini sudah selesai. Dia meminta Satuan Pelayanan Pemenuhan Gizi (SPPG) Kalibata untuk beroperasi kembali. ""Bahwa itu masalah internal di antara mereka. Dan mohon tidak dibawa-bawa masalah Badan Gizi Nasional. Karena urusan Badan Gizi Nasional sudah selesai. Dan kami tadi sudah minta agar besok SPPG Kalibata sudah operasional kembali,"" katanya.  Simak juga Video 'Seusai Temui BGN, Dapur MBG di Kalibata Bakal Kembali Beroperasi Besok': [Gambas:Video 20detik] "
15,"['bamsoet dukung prabowo bentuk 80 ribu koperasi merah putih di seluruh ri', 'bamsoet dukung prabowo bentuk 80 ribu koperasi merah putih di seluruh ri', 'bamsoet dukung prabowo bentuk 80 ribu koperasi merah putih di seluruh ri']",Detik,https://news.detik.com/berita/d-7872730/bamsoet-dukung-prabowo-bentuk-80-ribu-koperasi-merah-putih-di-seluruh-ri,,2025-04-17,"Anggota DPR RI Bambang Soesatyo (Bamsoet) mendukung langkah Presiden Prabowo Subianto membentuk Koperasi Desa dan Kelurahan Merah Putih. Bamsoet menilai keberadaan 80 ribu koperasi Merah Putih di seluruh Indonesia dapat memperkuat swasembada pangan, pemerataan ekonomi serta mewujudkan tercapainya Indonesia Emas 2045. Menurutnya, Program Koperasi Merah Putih juga mencerminkan komitmen pemerintah dalam mendorong partisipasi aktif warga desa dalam perekonomian nasional. ""Pembentukan Koperasi Merah Putih oleh Presiden Prabowo Subianto merupakan langkah strategis yang tidak hanya ditujukan untuk memperbaiki perekonomian desa, tetapi juga untuk menciptakan masyarakat yang mandiri dan berdaya saing. Dengan dukungan yang solid dari pemerintah pusat, daerah, serta partisipasi aktif dari masyarakat, koperasi ini dapat menjadi pilar penggerak kemandirian ekonomi Indonesia menuju cita-cita Indonesia Emas 2045,"" ujar Bamsoet dalam keterangannya, Kamis (17/4/2025). SCROLL TO CONTINUE WITH CONTENT Hal ini disampaikan Bamsoet dalam sambutannya di acara Halal Bihalal Perkumpulan Bumi Alumni (PBA) UNPAD di Restoran Rumarasa Nusantara, Kebayoran Baru Jakarta, Rabu (16/4) malam. Ketua Dewan Pembina Perkumpulan Bumi Alumni Universitas Padjadjaran (PBA) ini menjelaskan Koperasi Merah Putih dirancang sebagai pusat aktivitas ekonomi dan sosial bagi masyarakat desa. Koperasi ini menawarkan berbagai layanan yang diarahkan untuk memenuhi kebutuhan dasar warga antara lain sembako dengan harga terjangkau, fasilitas simpan pinjam, serta layanan kesehatan melalui klinik dan apotek desa. ""Ketersediaan fasilitas penyimpanan hasil pertanian dan perikanan dalam bentuk cold storage juga menjadi perhatian dari koperasi ini. Sehingga, dapat meminimalisasi kerugian pasca panen yang sering dialami oleh para petani dan nelayan. Dengan sistem distribusi logistik yang optimal, diharapkan kebutuhan pokok masyarakat dapat terpenuhi secara efisien,"" papar Bamsoet. Ketua Dewan Pembina Perkumpulan Alumni Doktor Ilmu Hukum Universitas Padjadjaran (PADIH UNPAD) ini pun menambahkan, pembiayaan untuk pembentukan Koperasi Merah Putih ditunjang oleh berbagai sumber, seperti Anggaran Pendapatan dan Belanja Negara (APBN), Anggaran Pendapatan dan Belanja Daerah (APBD), serta Dana Desa. Kemudian, Program Kredit Usaha Rakyat (KUR) yang dikelola oleh Bank Himbara juga memberikan akses permodalan yang lebih luas bagi para pelaku usaha di desa. Menurutnya, hal ini menjadi peluang bagi desa-desa yang aktif membentuk koperasi untuk mendapatkan insentif tambahan dari Anggaran Pendapatan dan Belanja Desa (APBDes). ""Data dari Badan Pusat Statistik (BPS) mencatat ketimpangan ekonomi di Indonesia masih menjadi tantangan, dengan proporsi penduduk miskin di pedesaan mencapai sekitar 11,34% atau 13 juta jiwa pada tahun 2024. Koperasi Merah Putih diharapkan dapat menciptakan lapangan kerja baru dan meningkatkan pendapatan masyarakat, sehingga dapat mengurangi angka kemiskinan,"" jelas Bamsoet. Lebih lanjut, Bamsoet mengungkapkan dari perspektif sosial, keberadaan Koperasi Merah Putih berpotensi memperkuat jaringan sosial di masyarakat. Dengan menjadi pusat aktivitas, koperasi ini mendorong warga untuk berkolaborasi, berbagi pengetahuan, dan meningkatkan kualitas hidup secara keseluruhan. Oleh karena itu, kata Bamsoet, keberhasilan program ini tidak hanya diukur dari aspek ekonomi, tetapi juga dari dampak sosial yang dihasilkan. ""Koperasi Merah Putih menjadi sangat relevan dalam konteks dinamika perekonomian global yang terus berubah. Dengan memanfaatkan teknologi dan pendekatan inovatif, koperasi ini diharapkan dapat beradaptasi dengan tantangan yang ada, serta meningkatkan daya saing produk lokal. Partisipasi aktif dari masyarakat dalam menyusun dan mengelola Koperasi Merah Putih akan menjadi kunci keberhasilan program tersebut,"" pungkasnya.  Simak juga Video 'Bangun Ekonomi Rakyat, Kemenkop Dukung Sekolah Pemikiran Bung Hatta': [Gambas:Video 20detik] "
16,"['pd: prabowo mau bertemu megawati lagi bagus, suasana politik makin sejuk', 'pd: prabowo mau bertemu megawati lagi bagus, suasana politik makin sejuk', 'pd: prabowo mau bertemu megawati lagi bagus, suasana politik makin sejuk']",Detik,https://news.detik.com/berita/d-7872718/pd-prabowo-mau-bertemu-megawati-lagi-bagus-suasana-politik-makin-sejuk,,2025-04-17,"PresidenPrabowo Subiantodirencanakan bertemu kembali dengan Presiden ke-5 RI sekaligus Ketum PDIP Megawati Soekarnoputri. Partai Demokrat (PD) menilai wacana pertemuan lanjutan tersebut membuat suasana politik menjadi sejuk. ""Bagus-bagus saja kalau Pak Prabowo mau bertemu Ibu Mega lagi. Suasana politik makin sejuk,"" kata juru bicara Partai Demokrat, Herzaky Mahendra, kepada wartawan, Rabu (16/4/2025). Menurutnya, meski saat Pilpres 2024 keduanya berbeda pilihan, bukan berarti harus bermusuhan. Dia menyinggung pesan Presiden ke-6 RI Susilo Bambang Yudhoyono (SBY) yang mengamanatkan agar selalu setia kepada rakyat jika menduduki posisi di pemerintahan. SCROLL TO CONTINUE WITH CONTENT ""Beda kubu-beda pendapat ketika pilpres bukan berarti harus bermusuhan selama lima tahun dan seterusnya,"" ujarnya. ""Tidak ada ruang untuk perasaan pribadi dalam perjuangan politik. Itu prinsip Presiden Prabowo. Pak SBY juga sering mengingatkan kami, saat mendapatkan amanah di pemerintahan, kesetiaan tertinggi itu untuk negeri,"" imbuhnya. Sebelumnya, Puan berbicara peluang pertemuan lanjutan antara Prabowo dan Megawati. Puan membuka kemungkinan akan ada pertemuan lagi. ""Akan ada silaturahmi dan pertemuan-pertemuan yang selanjutnya,"" tuturnya, Senin (14/4). Sementara itu, pertemuan Prabowo dengan Megawati sebelumnya terjadi pada Senin (7/4) malam di Jalan Teuku Umar. Ketua MPR RI yang juga Sekjen Partai Gerindra, Ahmad Muzani, mengungkap harapan Megawati ke Prabowo di pertemuan itu. ""Ibu Mega mengharapkan agar masa kepresidenan Pak Prabowo yang telah dilantik pada tanggal 20 Oktober 2024 bisa efektif untuk kebaikan dan kesejahteraan rakyat, karena itu jika dianggap perlu silakan menggunakan PDI sebagai instrumen yang juga bisa digunakan untuk memperkuat pemerintahan, tetapi tidak dalam posisi dalam koalisi,"" kata Muzani di kompleks parlemen, Senayan, Jakarta Pusat, Rabu (9/4).  Simak juga Video 'Membaca Peluang Sinergi PDIP dengan Prabowo, Masuk Koalisi?': [Gambas:Video 20detik] "
17,"['mengenal 3 tradisi paskah dari berbagai daerah di indonesia', 'mengenal 3 tradisi paskah dari berbagai daerah di indonesia', 'mengenal 3 tradisi paskah dari berbagai daerah di indonesia']",Detik,https://news.detik.com/berita/d-7871350/mengenal-3-tradisi-paskah-dari-berbagai-daerah-di-indonesia,,2025-04-17,"Paskahmerupakan salah satu hari raya keagamaan Kristiani, yang memperingati wafat dankebangkitan Yesus Kristus. Peringatan ini dirayakan di berbagai negara dunia, termasuk di Indonesia, dengan beragam tradisi khas dari masing-masing daerah. Mengutip dari laman Kementerian Pariwisata, meskipun Indonesia tak memiliki banyaktradisi Paskahseperti negara-negara Barat, namun ada populasi Katolik dan Kristen yang secara signifikan memperingati Paskah sesuai adat istiadat masyarakatnya. Menjelang hari Paskah, masyarakat yang merayakan akan hadir dalam kebaktian gereja, lalu menghabiskan hari bersama keluarga dan teman untuk berpesta makanan. Ada juga ritual dan adat istiadat Paskah yang lebih unik dan menarik lainnya. SCROLL TO CONTINUE WITH CONTENT Berikut ini serba-serbi tradisi Paskah yang ada di Indonesia: Semana Santa atau yang dikenal sebagai Pekan Suci ini merupakan tradisi Paskah di kotaLarantuka, Flores Timur, Nusa Tenggara Timur (NTT). Menurut laman Kementerian Pariwisata, ritual empat hari ini dimulai dengan Rabu Trewa (Rabu Abu) di mana jemaat berkumpul di kapel untuk berdoa dan mengingat pengkhianatan Yesus Kristus oleh Yudas Iskariot. Ini merupakan waktu jemaat berkabung dan merenungkan untuk memurnikan jiwa. Pada Kamis Putih, jemaah berpartisipasi dalam ritual Tikam Turo di mana prosesi 7 km keesokan harinya disiapkan dengan meletakkan lilin di sepanjang jalan. Ritual lain pada hari ini berlangsung di kapel Tuan Ma (Perawan Maria), di mana patung Perawan Maria akan dimandikan dan dibalut dengan selembar kain beludru hitam, ungu atau biru untuk menandakan berkabung. Ritual mencapai puncaknya pada Jumat Agung atau Sesta Vera yang merupakan hari penyaliban atau peringatan wafatnya Yesus Kristus. Puncak Sesta Vera adalah ketika patung Yesus Kristus dibawa dan ditempatkan di tengah ritual di samping patung Bunda Maria (Mater Dolorosa - ibu yang berkabung). Kemudian, Sabtu Santo (Sabtu Suci) dan Minggu Paskah (hari Kebangkitan) menandai akhir Pekan Suci, sekaligus rangkaian dari tradisi Semana Santa. Kure merupakan tradisi Paskah yang dirayakan komunitas Kote di kota Noemuti, Timur Tengah Utara,NTT. Tradisi ini dimulai pada Kamis Putih dan Jumat Agung, ketika umat Katolik berjalan sebagai peziarah dari satu rumah ke rumah lain untuk berdoa bersama dan merenungkan Sengsara Yesus Kristus. Menurut laman Kementerian Pariwisata, kata Kure berasal dari bahasa Latin, currere, yang artinya 'berlari' atau 'berjalan'. Umat Paroki mengatakan bahwa tradisi Kure adalah warisan misionaris Portugis yang memperkenalkannya pada tahun 1642. Ritual ini dimulai dengan pembersihan salib dan patung Yesus Kristus dan Bunda Maria, lalu diakhiri dengan persembahan uang, buah-buahan, sayuran dan palem yang didedikasikan kepada Tuhan. Persembahan ini kemudian dibagikan kepada para peziarah, kelompok doa, dan peserta ritual lainnya. Momento Mori merupakan tradisi Paskah yang dirayakan oleh komunitas Kristen diKalimantan Tengah. Menurut laman Kementerian Pariwisata, Momento Mori berasal dari bahasa Latin yang artinya 'ingat kamu akan mati'. Istilah ini diyakini diperkenalkan pada abad ke-19, selama masa penjajahan Belanda. Ritual ini dilakukan pada hari Sabtu Suci dan melibatkan jemaah anggota keluarga di tempat pemakaman orang yang dicintai. Keluarga akan berkumpul sepanjang malam hingga fajar keesokan harinya di mana mereka akan menyalakan lilin dan mengatur bunga di atas situs kuburan. Saat fajar pada hari Minggu Paskah, sebuah tenda akan disediakan oleh gereja bagi para peziarah untuk melanjutkan perayaan dan ibadah Paskah mereka. Itu tadi, beberapa tradisi masyarakat Indonesia dalam rangka menyambut dan memperingati Paskah dari berbagai daerah. Kekayaan budaya ini menunjukkan betapa kentalnya nilai spiritual dan kekeluargaan yang menyatu dalam perayaan keagamaan, sekaligus menjadi bagian dari identitas keberagaman bangsa.  Simak juga Video 'Unik! Pemuda di Bosnia Buat Kerajinan 'Sepatu' Telur untuk Sambut Paskah': [Gambas:Video 20detik] "
18,"['6 ide gambar telur paskah yang simpel dan lucu', '6 ide gambar telur paskah yang simpel dan lucu', '6 ide gambar telur paskah yang simpel dan lucu']",Detik,https://news.detik.com/berita/d-7872448/6-ide-gambar-telur-paskah-yang-simpel-dan-lucu,,2025-04-17,"Saat perayaanPaskah, ada tradisi menghias telur. Biasanya, telur-telur itu sudah direbus untuk dihias dengan cat beraneka warna atau diberi hiasan sesuai kreativitas. Supaya tidak bingung, berikut ini idegambar telur Paskahyang bisa dijadikan referensi. Minggu Paskah sudah semakin dekat! Kamu bisa meramaikan perayaan Paskah dengan menghias telur Paskah menggunakan motif-motif berikut. SCROLL TO CONTINUE WITH CONTENT Menurut situs History, kelinci menjadi simbol populer peringatan Paskah. Meski asal-usul yang pasti terkait kelinci Paskah tidak jelas, tetapi kelinci merupakan simbol kuno kesuburan dan kehidupan baru. Silakan rebus telur terlebih dahulu. Setelah itu, hias telur dengan gambar hewan kelinci lengkap dengan motif warna-warni lainnya. Selain kelinci, kamu juga bisa menjadikan motif rusa dan domba sebagai hiasan di telur Paskah. Pilih warna terang agar telur Paskah semakin terlihat cantik. Jika kamu menyukai kembang, kamu bisa menggambar motif bunga di permukaan telur Paskah. Silakan pilih bunga tulip, lily putih, bunga matahari atau mawar kuning yang cocok dengan peringatan Paskah. Meski terlihat sederhana, motif hati atau garis-garis bisa digunakan untuk menghias telur Paskah. Kamu bisa menambahkan pita supaya telur Paskah tetap terlihat menarik.  Kamu juga bisa berkreasi dengan motif aneka makanan sebagai hiasan telur Paskah. Misalnya, telur Paskah tema sayuran, buah-buahan, cupcake, burger, dan lain sebagainya. Anak-anak biasanya memilih motif kartun sebagai hiasan telur Paskah. Ajaklah mereka memilih kartun favorit untuk digambarkan di telur Paskah.  Dilansir situs History, dekorasi telur diyakini berasal dari setidaknya abad ke-13. Telur dianggap sebagai simbol kuno kehidupan baru dan dikaitkan dengan festival pagan yang merayakan musim semi. Dari sudut pandang Kristen, telur Paskah disebut mewakili kebangkitan dan kebangkitan Yesus dari kubur. Kegiatan mendekorasi telur untuk Paskah adalah tradisi yang sudah ada setidaknya sejak abad ke-13. Ada yang menyebutkan bahwa dulunya telur merupakan makanan yang dilarang selama masa Prapaskah, sehingga orang akan melukis dan menghiasnya untuk menandai berakhirnya masa penebusan dosa dan puasa, kemudian memakannya pada hari Paskah sebagai perayaan.  Simak Video 'Unik! Pemuda di Bosnia Buat Kerajinan 'Sepatu' Telur untuk Sambut Paskah': [Gambas:Video 20detik] "
19,"['dokter kandungan yang lecehkan pasien di garut ditetapkan tersangka', 'dokter kandungan yang lecehkan pasien di garut ditetapkan tersangka', 'dokter kandungan yang lecehkan pasien di garut ditetapkan tersangka']",Detik,https://news.detik.com/berita/d-7872705/dokter-kandungan-yang-lecehkan-pasien-di-garut-ditetapkan-tersangka,,2025-04-17,"Dokter kandungan berinisial MSF ditetapkan sebagai tersangka kasus dugaanpelecehan seksual.Dia diduga melecehkan pasiennya di salah satu klinik di Garut, Jawa Barat. ""Yang bersangkutan kami terapkan sebagai tersangka,"" ujar Kasat Reskrim Polres Garut AKP Joko Prihatin dilansirdetikJabar, Kamis (17/4/2025). MSF ditetapkan sebagai tersangka setelah sebelumnya menjalani pemeriksaan secara intensif dengan penyidik Satuan Reserse Kriminal Polres Garut usai diamankan pada hari Selasa (15/4) lalu. Polisi telah menemukan dua alat bukti dari penetapan tersangka ini. SCROLL TO CONTINUE WITH CONTENT ""Untuk resminya akan kami rilis hari Kamis ini,"" ucap Joko. Kasus dugaan pelecehan seksual yang dilakukan oknum Dokter MSF ini, diketahui mulai ramai diperbincangkan sejak Selasa, (15/4) lalu, setelah sebuah video berdurasi 53 detik yang merekam dugaan aksi cabul sang dokter beredar di media sosial. Dalam video viral itu, oknum dokter MSF dinarasikan melakukan tindakan cabul, dengan menyentuh bagian payudara ibu hamil yang tengah melaksanakan pemeriksaan kandungan bersamanya. Korban pelecehan seksual diduga lebih dari satu orang. Simak lengkapnya disini.  Simak Video 'Kemenkes Sanksi Keras Dokter Obgyn di Garut Jika Terbukti Lecehkan Pasien': [Gambas:Video 20detik]  Saksikan Live DetikPagi:"
20,"['pria onani-lecehkan wanita di stasiun tanah abang ngaku baru sekali beraksi', 'pria onani-lecehkan wanita di stasiun tanah abang ngaku baru sekali beraksi', 'pria onani-lecehkan wanita di stasiun tanah abang ngaku baru sekali beraksi']",Detik,https://news.detik.com/berita/d-7872702/pria-onani-lecehkan-wanita-di-stasiun-tanah-abang-ngaku-baru-sekali-beraksi,,2025-04-17,"Kasuspelecehanterhadap pengguna KRL perempuan di Stasiun Tanah Abang berakhir damai. Kepada polisi, pelaku mengaku baru sekali melakukan pelecehan. ""Pelaku baru kali ini melakukan perbuatannya,"" kata Kasat Reskrim Polres Metro Jakarta Pusat AKBP M Firdaus saat dimintai konfirmasi, Rabu (16/4/2025). Firdaus menuturkan pelaku telah membuat surat pernyataan. Dalam surat itu, pelaku berjanji tidak akan mengulangi perbuatannya lagi. SCROLL TO CONTINUE WITH CONTENT ""Pelaku sudah buat surat pernyataan tidak mengulangi perbuatannya,"" ujarnya. Seperti diketahui, perdamaian tersebut tercapai atas kesepakatan korban dan pelaku. Menurut Firdaus, kasus yang dilaporkan oleh korban ini sendiri merupakan delik aduan. ""Terhadap korban dan tersangka sudah melakukan perdamaian dan terhadap Pasal 5 Undang-Undang Tindak Pidana Kekerasan Seksual danjunctoPasal 281 KUHP itu merupakan delik aduan,"" kata Firdaus. Firdaus mengatakan polisi akan menghentikan proses penyidikan kasus karena korban mencabut laporan tersebut. Korban mencabut laporannya pada Selasa (15/4). ""Yang mana apabila kedua belah pihak korban dan tersangka apabila sudah berdamai dan korban melakukan cabut pengaduan, perkara akan dihentikan penyelidikan dan atau penyidikannya,"" jelasnya. Dihubungi setelah konferensi pers, Firdaus menegaskan korban dan tersangka telah berdamai. Korban juga sudah mencabut aduannya di kepolisian. ""Inisiasi korban karena kesibukan korban jadi cabut pengaduan,"" ungkapnya. Atas dasar kesepakatan perdamaian yang diikuti dengan pencabutan laporan tersebut, pihak kepolisian pun membebaskan pelaku. ""Karena kedua belah pihak sepakat berdamai dan korban cabut pengaduan terhadap tersangka dipulangkan,"" tuturnya. Pelecehan seksual itu terjadi pada Rabu (2/4) sekitar pukul 19.30 WIB. Kasus ini mencuat setelah korban curhat soal pelecehan yang menimpanya itu kepada pengemudi taksionlineyang menjemputnya di Stasiun Tanah Abang. Setelah kejadian itu, korban melapor ke polisi. Pihak KAI dan kepolisian pun bergerak hingga akhirnya pelaku diamankan. Pelaku mengaku onani di tengah kereta yang penuh sesak penumpang. ""Ya itu karena tadinya kan ramai. Ya berdesakan,"" kata AKBP Firdaus, Rabu (16/4). Kejadian berawal saat korban dan pelaku HU naik KRL yang sama. Saat itu, pelaku HU melihat korban dan muncul hasrat bejatnya. Aksi bejat pelaku ini dilakukan di belakang korban hingga mengotori pakaian korban. Korban tak terima dirinya dilecehkan hingga melaporkan peristiwa itu ke Polres Metro Jakarta Pusat.  Simak Video 'KCI Tangkap Pelaku Pelecehan Seksual di Stasiun Tanah Abang': [Gambas:Video 20detik] "
