created_at,text
Thu May 08 07:36:44 +0000 2025,"SUASANA PANTAI SANUR TAHUN 1975 https://t.co/1sUOzkL9Z5

Luna Maya
kamasutra jawa
#SkyNaniFansign
Program MBG
Vaksin
#EnamBulanPemerintah
#GalaxyA36
Luhut
BPJS
#AwesomeIntelligence"
Thu May 08 01:59:15 +0000 2025,"Patroli pagi personil BGP ATV Airud Bali di pesisir objek wisata sanur, Kuta, dan Nusa dua guna mejamin Kamtibmas Kondusif aman, serta memberikan kenyamanan bagi pengunjung pantai maupun masyarakat pesisir yang berada dipesisir objek wisata 

#airudbali_hebat https://t.co/85uIJu7RgD"
Wed May 07 15:02:25 +0000 2025,"Kejuaraan Berkuda Memanah Digelar di Pantai Sanur Bali, Diikuti 5 Negara
https://t.co/ITInDifYQ3"
Tue May 06 02:16:41 +0000 2025,"Ngintip Sunset Di Pantai Sanur Bali...

#Sunset #Sanur #SanurBeach #DroneDji #NgurahSuryaKusuma https://t.co/0dujGfCXRp"
Sun May 04 20:48:40 +0000 2025,"Pantai Sanur, Bali. Pengen beli arak bali tapi takut mabuk. ğŸŒŠ

Bangun tidur jam 01.35
#mimpikaliyeah
#gangguantidur"
Sat May 03 14:05:17 +0000 2025,"Belajar Nerbangin Drone Di Pantai Mertasari, Sanur, Bali. Full Video https://t.co/ZzWKnXx3VG

#CaraNerbanginDrone #Insta360 #Insta360X5 #Insta360DailyVlog #NgurahSuryaKusuma @insta360
@DJIGlobal

https://t.co/GBNSDs5GQu"
Thu May 01 00:04:35 +0000 2025,"ã…¤ã…¤ã…¤ã…¤

Beberapa hari kemudian, mereka menyiapkan upacara ğ˜•ğ˜¨ğ˜¦ğ˜­ğ˜¶ğ˜¢ğ˜µğ˜¢ğ˜¯ di tepi pantai Sanur, di bawah langit Bali yang sendu. Namun saat dupa mulai menyala dan gamelan kecil mulai berdenting, bayi itu menghilang dari pelukan Ayu Mahayani.

ã…¤ã…¤"
Wed Apr 30 02:58:24 +0000 2025,"Tabrakan Beruntun Sejumlah Mobil Pribadi di Putaran Arah Pantai Sanur Denpasar Bali 
#jakutupdate 
#infojakut 
#jakutupdate 
#jktinfo 
#jabodetabekinfo 
#jakutfakta 
#jakut24jam 
#jakutperistiwa 
#forumjurnalisutara 
#jakutviral https://t.co/RZYNP4af8O"
Sun Apr 27 04:51:45 +0000 2025,Aksi Puluhan Anjing Tampil dalam Kontes Kostum di Pantai Sanur Bali Kontes digelar untuk menumbuhkan rasa tanggung jawab dalam memelihara anjing sekaligus sebagai upaya pencegahan rabies. https://t.co/DT1Fc1A5zL https://t.co/GQ5qtfi0JQ
Thu Apr 24 17:55:14 +0000 2025,"Virtual Reality 360 Video Belajar Nerbangin Drone Di Pantai Mertasari, Sanur, Bali. Hanya di https://t.co/g6za7Higvg

https://t.co/rh239gOhxx

#VirtualReality #VR360Video #CaraNerbanginDrone #BelajarDrone #NgurahSuryaKusuma"
Thu Apr 24 07:18:57 +0000 2025,pengen tinggal di bali biar bisa ke sanur tiap sore sepedaan tepi pantai &amp; muterin moll tiap saat
Wed Apr 23 15:01:41 +0000 2025,"Pantai Mertasari Sanur Bali...

#PantaiMertasari #MertasariBeach #SanurBeach #NgurahSuryaKusuma https://t.co/y14jpCnUe5"
Wed Apr 23 12:15:33 +0000 2025,"Ini di Bali bagian mana? Sepanjang pantai Sanur kemarin hampir semua hotel ramai. Noh ada yang mau dateng bulan depan bingung cari hotel gara-gara Meru, Tandjung Sari sama Bali Beach full semua."
Tue Apr 22 07:38:40 +0000 2025,"NONGKRONG &amp; MAKAN DI BUBBA GUMP 
ICON MALL BALI.

Restoran ini investor asli USA yang buka cabang di Icon Mall Bali untuk di Indonesia.
Buka sesuai waktu Mall Icon Bali buka.

Pemandangan terlihat pantai Sanur hingga pulau Nusa Peninda. https://t.co/ZwCPMYWGaJ"
Mon Apr 21 09:05:42 +0000 2025,"Polisi Selidiki Pelaku Keributan di Pantai Bangsal Sanur

https://t.co/1OeZkjtndj"
Mon Apr 21 03:50:01 +0000 2025,"Oknum seorang pria dalam keadaan mabuk tanpa mengunakan baju, mencoba  membuat onar di wewidangan Pantai Bangsal Sanur.

, Minggu Sore,(20/04)
.
Repost @unggitdesti
Via @infobadung_id
@infodenpasarterkini.id https://t.co/V4IefzJUC4"
Mon Apr 21 02:31:28 +0000 2025,"@bualfi Sanur 

Nongki di kafe pinggir pantai 
Jogging pagi
Icon Bali Mall"
Mon Apr 21 00:41:51 +0000 2025,"https://t.co/1sUOzkLHOD

SUASANA PANTAI SANUR TAHUN 1975

#GrabAwetMurahnya #SelamatHariKartini #Morningg #HabisGelapTerbitlahTerang #rickysiahaan #WrestleManiağŸ“·ğŸ“· #Pagii #Kelud"
Sun Apr 20 12:18:23 +0000 2025,"MENIKMATI HIDANGAN DI @officialbubbagump @bubbagump_bali 

Makanannya enak, nikmat, nyaman, ramah &amp; komplit
Pemandangannya dari lantai paling atas @iconbalimall terbentang pantai Sanur Bali
Jika cuaca cerah, pulau Nusa Peninda terlihat jelas

Salam sehat, sukses &amp; bahagia selalu https://t.co/ZRwyJNieqE"
Sun Apr 20 11:03:22 +0000 2025,"@studyelisa De rocka beach, mirip kek pantai sanur yg di Bali"
Wed Apr 16 04:34:50 +0000 2025,"â˜•ï¸ Koppan (Kopi Pantai) Batujimbar Sanur
ğŸ“ãƒãƒªå³¶ã€€ã‚µãƒŒãƒ¼ãƒ«

ãƒ“ãƒ¼ãƒæ²¿ã„ã«ã‚ã‚‹å°ã•ãªçˆç²å±‹ã•ã‚“ã¸ğŸ–ï¸
ã‚¢ã‚¤ã‚¹ã‚«ãƒ•ã‚§ãƒ©ãƒ†200å††ã¨ã€ã¨ã£ã¦ã‚‚ãƒªãƒ¼ã‚ºãƒŠãƒ–ãƒ«ï¼

æ°·åˆ‡ã‚Œã§æ€¥ã„ã§è²·ã„å‡ºã—ã«è¡Œã£ã¦ãŸã‘ã©ã€ãã‚Œã‚‚ãªã‚“ã ã‹ãƒãƒªå³¶ã‚‰ã—ã„â˜ºï¸

ã‚³ãƒ¼ãƒ’ãƒ¼ç‰‡æ‰‹ã«ãƒ“ãƒ¼ãƒæ²¿ã„ã‚’æ•£æ­©ã™ã‚‹ã®ã‚‚è‰¯ã•ãã†ğŸš¶â€â™€ï¸ğŸ’“

#ãƒãƒªå³¶ https://t.co/6kXj8agL9F"
Wed Apr 16 01:57:19 +0000 2025,"NI POLLOK MENARI DI PANTAI SANUR TAHUN 1946 https://t.co/1OBhOimUc8

Songkran
China
Rony
Jokowi
#moqeelatagzeps134
Pedri
Barca
#MECIMA_NOT_PROfessional
GET WELL SOON RYO
#galaxytabs10
NUNEW FOREVER TEASER
#ShopeeVIPDay"
Tue Apr 15 04:50:04 +0000 2025,"ğŸ“Pantai Sanur 

Sanur di hari minggu yang sibuk dan gorengan dan Sunrise yang indah âœ¨ğŸ«¶ğŸ¼ BONUS LIAT PELANGI ğŸ˜­ğŸ˜ One of my faaavvvv moment in bali!!! Soalnya pelanginya jelas banget!!! https://t.co/1VmIyorpvE"
Tue Apr 15 03:28:27 +0000 2025,@susipudjiastuti Emang klo urusan pantai bali masih juara. Masuk cukup bayar parkir klo motor. Klo mobil kadang asal dapat parkir pinggir jalan bisa gratis parkir malah. Cuma jalan jauh aja si (sekitar sanur ya).
Mon Apr 14 11:54:59 +0000 2025,"Byrd House Bali menghadirkan suasana Paskah penuh kehangatan dengan berbagai kegiatan keluarga dan sajian istimewa di tepi Pantai Segara, Sanur. https://t.co/VrVe1gl4co https://t.co/YKso1pRhKV"
Thu Apr 10 02:15:28 +0000 2025,"Stay di RedDoorz Plus @ Sunrise Hotel Sanur yuk!

âœ… Kamar luas &amp; nyaman
âœ… Fasilitas lengkap
âœ… Dekat pantai Sanur
âœ… Cocok buat healing atau workation

Lokasi strategis di jantung Sanur, Denpasar Selatan!

ğŸ“Jl. By Pass Ngurah Rai No.115, Sanur, Bali
ğŸ“ WA: 087849737815 https://t.co/7m9DkAL00o"
Wed Apr 09 02:48:41 +0000 2025,"@THESINVEILS á… á… á… á… 
Iya, anak pantai banget memang hahaha. Asli Bali dan tinggal di Sanur, mari mampir?á… á… á… á… 
á… á… á… á… "
Mon Apr 07 02:12:03 +0000 2025,"@javput @tirta_cipeng Pantai ini sepertinya di Bali, Indonesia, mungkin Kuta atau Sanur Beach, karena cocok untuk lari dan sesuai dengan bahasa serta waktu posting. Tapi tanpa gambar, lokasi pastinya sulit dipastikan. https://t.co/eAzQ4h3sdK https://t.co/uuI4eTUg1Z"
Sun Apr 06 23:43:04 +0000 2025,"@Uke_1717 @ucuupppppppp @deje1702 @kegblgnunfaedh Tpi gak semahal itu, gw kemarin ke Bali pantai nusa dua cuma bayar parkir 10k aja pke mobil
pantai Sanur Kuta, gratis, gak ada tukang parkir, gak ada pedagang asongan yg nganggu kek di sebelah"
Sun Apr 06 15:08:44 +0000 2025,"@deje1702 @kegblgnunfaedh Indo juga ada kok di Bali. Aq biasa ke pantai sanur gratis hanya byr parkir 2000/ jam, disana bisa jogging, naik sepeda dan nongki2. Rata2 di Bali pantainya bebas ga ada biaya masuk kecuali pantai wisata sprti tanah lot ada biaya masuknya tp ga mahal"
Sun Apr 06 14:30:06 +0000 2025,"Asyiknya Liburan di Pantai Pondok Bali Subang, Bisa Bermain Banana Boat dan Menikmati Kuliner Laut - https://t.co/jvzV2CP32b | #balitourism #bali #Ubud #Seminyak #Canggu #Kuta #NusaDua #Jimbaran #Uluwatu #Sanur #Gili #Tegalalang #TanahLot #Besakih | https://t.co/mUlZ0o6Lx6"
Sat Apr 05 12:44:45 +0000 2025,"archen kamu mau ke bali gak?
aku temenin ke pantai, kita ke sanur aja atau gak pantai sindhu nanti kita makan lumpiang dan jaje bali abis itu kita makan gelato di massimo. Woww perfect date sekalii~~~"
Sat Apr 05 08:16:48 +0000 2025,"Libur Lebaran 2025, Cuan Penyewaan Sepeda di Pantai Sanur Bali Naik 50 Persen

https://t.co/68s5iAwrZb"
Sat Apr 05 04:49:05 +0000 2025,"@AlmurArief Foto ini kemungkinan besar diambil di Pantai Sanur, Bali, Indonesia. Breakwater berbatu tempat orang duduk, pohon kelapa, dan bangunan hotel di sekitarnya cocok dengan ciri-ciri Sanur. Ditambah lagi, ada petunjuk dari postingan lain yang menyebut Denpasar, yang dekat dengan"
Sat Apr 05 02:40:53 +0000 2025,"Bali aja insekyur liatnya. Gua ke pantai sanur cuma parkir 2k, ke pantai melasti yang jernih pol cuma stop sekali itu masuk sama include parkir 8k, ke pantai daerah nusa dua juga cuma 2k parkir. Keluar uang mah gamasalah gua tapi jogja ini pemerasan bgt cuy"
Sat Apr 05 01:19:00 +0000 2025,Pesona Pantai 'Bali 2' Jadi Magnet Wisatawan Libur Lebaran - detikcom | #balitourism #bali #Ubud #Seminyak #Canggu #Kuta #NusaDua #Jimbaran #Uluwatu #Sanur #Gili #Tegalalang #TanahLot #Besakih | https://t.co/Q9oXeLDOxV
Fri Apr 04 14:30:06 +0000 2025,Serunya Wisata Naik Unta di Pinggir Pantai Bali - detikTravel | #balitourism #bali #Ubud #Seminyak #Canggu #Kuta #NusaDua #Jimbaran #Uluwatu #Sanur #Gili #Tegalalang #TanahLot #Besakih | https://t.co/jZYl4Bg8xf
Fri Apr 04 01:02:29 +0000 2025,"SUASANA PANTAI SANUR TAHUN 1975 https://t.co/rgJd28AUtA

pramugari
Zani
#8nfinity_OurFirstLove
#JumatBerkah
#AlwaysHereWithTee
Amerika
#In_Your_Fantasy_Asia
Yeri
Cleo
#US_TOUR
Superman
#TopFormEP4
#BatalkanRUUTNI"
Wed Apr 02 13:45:27 +0000 2025,"Sore jalan santai bersama teman lawyer muda dari Pantai Matahari Terbit menyusuri Sanur hingga Pantai Mertasari. Seandainya semua trotoar di Bali bisa sebaik disini, bisa dibayangkan dampak kesehatan dan ekonomi yang ada &amp;  transportasi massal yg terintegrasi memudahkan bergerak https://t.co/HdKQGf8afJ"
Wed Apr 02 13:31:33 +0000 2025,"DENPASAR, https://t.co/K1l3KUUhRS â€“ Pantai Sanur yang merupakan salah satu objek wisata andalan Bali diserbu wisatawan domestik dan mancanegara, pada Rabu (2/4/2025). Serbuan wisatawanâ€¦ https://t.co/XdwsNo8Yvo #Denpasar #News #Domestik #KapolsekDenpasarSelatan #LiburanLebaran"
Tue Apr 01 11:07:16 +0000 2025,"Sanur sore ini ramai sekali tonn,, Selasa, 1 April 2025
.
#gabali #pantai #sanur #pantaisanur#pariwisata  #ramaipengunjung #news #berita #beritabali #bali #viral #fyp https://t.co/wWaWFQY0Jo"
Tue Apr 01 07:19:17 +0000 2025,"Kisah Wisatawan Nikmati Libur Lebaran 2025 di Pantai Sanur Bali

https://t.co/IypA3zoRHZ"
Mon Mar 31 02:19:47 +0000 2025,@urbabiesgirls Enakan ngopi2 distuja pantai sanur
Fri Mar 28 10:06:47 +0000 2025,"@jaeminfromnct Sanur, Ubud, Yogyakarta, Mataram, dan Wonosobo adalah kota nyaman di Indonesia untuk pensiun. Sanur (Bali) menawarkan pantai tenang dan komunitas ekspat, Ubud kaya budaya dengan iklim sejuk, Yogyakarta penuh warisan budaya, Mataram (Lombok) murah dan alami, serta Wonosobo di Jawa"
Thu Mar 27 08:42:38 +0000 2025,"Untuk mencapai Pantai Diamond, perjalanan dimulai dari Pelabuhan Sanur di Bali menuju Nusa Penida menggunakan kapal cepat atau speedboat, dengan waktu tempuh sekitar 30 hingga 45 menit tergantung kondisi cuaca dan laut. Setibanya di Nusa Penida, perjalanan dilanjutkan menuju"
Thu Mar 27 00:34:17 +0000 2025,"https://t.co/1OBhOimUc8

NI POLLOK MENARI DI PANTAI SANUR TAHUN 1946

#RidwanKamil #INDONESIAGELAP #MakzulkanPrabowoGibran #HUBNER #Sprei #Pelupessy"
Wed Mar 26 00:20:52 +0000 2025,"Kali ini kita explore pantai, dari Sanur ke Jimbaran. Atau yang di kenal tempat bom Bali 1 hehehe. Last but not least, mam seafood di Menega sambil menikmati sunset hehe ğŸ˜ 

ğŸ“Icon mall Bali â€” Mak Beng â€” Menega Jimbaran 
ğŸ—“ï¸ 25/03/2025 https://t.co/cTTdb0rXON"
Tue Mar 25 14:56:16 +0000 2025,"Kalo jalan ke pantai sanur doang sepertinya aku sudah hapal ğŸ˜‚
Ada kemajuan setelah 8 bulan tinggal di Bali ğŸ˜…"
Tue Mar 25 05:59:00 +0000 2025,Pesisir Pantai Pasir Putih Bugbug: Polairud Berikan Himbauan Keamanan dan Keselamatan di Tengah Cuaca Ekstrem - Polda Bali | #balitourism #bali #Ubud #Seminyak #Canggu #Kuta #NusaDua #Jimbaran #Uluwatu #Sanur #Gili #Tegalalang #TanahLot #Besakih | https://t.co/0Hf3WAykal
Tue Mar 25 01:19:00 +0000 2025,"""patroli Malam Satuan Polairud: Kamtibmas Dan Keamanan Pesisir Pantai Bugbug"" - Polda Bali | #balitourism #bali #Ubud #Seminyak #Canggu #Kuta #NusaDua #Jimbaran #Uluwatu #Sanur #Gili #Tegalalang #TanahLot #Besakih | https://t.co/28BfoYBT5l"
Mon Mar 24 16:19:54 +0000 2025,"@ILUSINIRWANA Sejauh ini ke pantai di daerah uluwatu, nusa penida, sanur, Kuta, dan ubud. Ayo main ke Bali."
Mon Mar 24 09:30:02 +0000 2025,"""blue Light Patrol Polairud Jaga Keamanan Pesisir Pantai Candidasa Malam Minggu"" - Polda Bali | #balitourism #bali #Ubud #Seminyak #Canggu #Kuta #NusaDua #Jimbaran #Uluwatu #Sanur #Gili #Tegalalang #TanahLot #Besakih | https://t.co/kVMcTdaVDa"
Mon Mar 24 04:44:11 +0000 2025,"Kasat Polairud Polresta Denpasar Kompol Wiastu Andri Prajitno S.H. bersama Personil Satpolairud Polresta Denpasar mengikuti giat bersih bersih pantai di Pantai Padang GalakÂ  Sanur yang dihadiri langsung Bapak Kapolresta Denpasar Kombes Pol. Muhammad Iqbal Simatupang,S.H.,M.H. https://t.co/4PBUh9bY8X"
Mon Mar 24 00:58:57 +0000 2025,"NI POLLOK MENARI DI PANTAI SANUR TAHUN 1946 https://t.co/1OBhOimUc8

my filter
#ArtistBersuara
Senin
#NJZTakeOff
Surabaya
best face
#SupremasiSipil
#PeringatanDarurat
#GalaxyA36
#à¸«à¸™à¸±à¸‡à¸«à¸™à¹‰à¸²à¹‚à¸£à¸‡xà¸ˆà¸­à¸ªà¸à¸§à¸´à¸™
#KembalikanTNIkeBarak
NJZ Back On Track
#TolakRUUPolri"
Sun Mar 23 11:10:18 +0000 2025,"ï¸ï¸ 
ğŸ“Pantai Sanur - yang di Bali Beach Hotel

ke pantai bareng sepupuâ€”Saverio udah pas, gue ya gini aja, karena dress code cuma matahari dan laut, tapi Sashi? kayak baru kabur dari fine dining. Gek, dinner-nya ntar malem, sekarang kita main pasir dulu. ğŸ˜‚

ï¸ï¸ https://t.co/ToNDjvQMnL"
Sun Mar 23 05:59:00 +0000 2025,"""pengamanan Wisata Pantai, Polairud Karangasem Koordinasi Dengan Pelaku Wisata Dan Nelayan"" - Polda Bali | #balitourism #bali #Ubud #Seminyak #Canggu #Kuta #NusaDua #Jimbaran #Uluwatu #Sanur #Gili #Tegalalang #TanahLot #Besakih | https://t.co/DJJraUB5Eu"
Thu Mar 20 09:30:04 +0000 2025,"Pastikan Keamanan Kunjungan Wisata, Patroli Polsek Kubu, Sambangi Objek Wisata Pantai Drof Off - Polda Bali | #balitourism #bali #Ubud #Seminyak #Canggu #Kuta #NusaDua #Jimbaran #Uluwatu #Sanur #Gili #Tegalalang #TanahLot #Besakih | https://t.co/0XkWulWWFF"
Wed Mar 19 09:30:02 +0000 2025,Sat Polairud Polres Karangasem Lakukan Patroli Pesisir untuk Jaga Keamanan Wisatawan di Pantai Padangbai - Polda Bali | #balitourism #bali #Ubud #Seminyak #Canggu #Kuta #NusaDua #Jimbaran #Uluwatu #Sanur #Gili #Tegalalang #TanahLot #Besakih | https://t.co/99KVMwnd1M
Tue Mar 18 09:30:02 +0000 2025,Patroli Sat Polairud di Pantai Gelombang: Dialogis dengan Pemandu Wisata tentang Kamtibmas - Polda Bali | #balitourism #bali #Ubud #Seminyak #Canggu #Kuta #NusaDua #Jimbaran #Uluwatu #Sanur #Gili #Tegalalang #TanahLot #Besakih | https://t.co/bdwRhpsRra
Mon Mar 17 01:37:58 +0000 2025,"https://t.co/JnCLgGpzcI

6 Fakta Denpasar, dari Nostalgia Lagu â€œDenpasar Moonâ€ hingga Indahnya Matahari Terbit di Pantai Sanur

#CariMasHilal #AydenHeaven #Hotel #Pagii #TolakRUUTNI #Perfect10LinersEP21 #JagaiNina"
Sat Mar 15 14:30:00 +0000 2025,Patroli Sat Polairud Karangasem Jaga Keamanan Wisata Pantai Di Padangbai - Polda Bali | #balitourism #bali #Ubud #Seminyak #Canggu #Kuta #NusaDua #Jimbaran #Uluwatu #Sanur #Gili #Tegalalang #TanahLot #Besakih | https://t.co/Op2jgSsLCo
Sat Mar 15 06:07:29 +0000 2025,"Untuk mencapai Pantai Kelingking, pengunjung harus menyeberang dari Pelabuhan Sanur di Bali ke Nusa Penida menggunakan kapal cepat. Setelah tiba di Nusa Penida, perjalanan dilanjutkan dengan kendaraan menuju lokasi pantai, yang memakan waktu sekitar satu jam. Akses menuju pantai"
Sat Mar 15 01:19:00 +0000 2025,"5 Objek Wisata Cantik di Bali Selain Pantai, Wajib Dikunjungi saat Libur Lebaran - - Barometer Bali | #balitourism #bali #Ubud #Seminyak #Canggu #Kuta #NusaDua #Jimbaran #Uluwatu #Sanur #Gili #Tegalalang #TanahLot #Besakih | https://t.co/hDNMVrnved"
Fri Mar 14 14:30:02 +0000 2025,"""aipda I Gede Nuada Lakukan Patroli Dan Sosialisasi Kamtibmas Di Pantai Gelombang"" - Polda Bali | #balitourism #bali #Ubud #Seminyak #Canggu #Kuta #NusaDua #Jimbaran #Uluwatu #Sanur #Gili #Tegalalang #TanahLot #Besakih | https://t.co/vKLgwDIutJ"
Mon Mar 03 05:52:48 +0000 2025,"Suatu Hari Di Pantai Mertasari Sanur Bali...

#PantaiMertasari #PantaiSanur #MertasariBeach #SanurBeach #NgurahSuryaKusuma #03Maret2025 https://t.co/5r0EnCz42C"
Mon Mar 03 01:19:00 +0000 2025,"Pengamanan Wisata Pantai Candidasa, Polairud Karangasem Berikan Rasa Aman bagi Wisatawan - Polda Bali | #balitourism #bali #Ubud #Seminyak #Canggu #Kuta #NusaDua #Jimbaran #Uluwatu #Sanur #Gili #Tegalalang #TanahLot #Besakih | https://t.co/L9eu1e3LaD"
Sat Mar 01 05:59:00 +0000 2025,"Cegah Laka Laut, Sat Polairud Jaga Keamanan Wisata Pantai Tulamben - Polda Bali | #balitourism #bali #Ubud #Seminyak #Canggu #Kuta #NusaDua #Jimbaran #Uluwatu #Sanur #Gili #Tegalalang #TanahLot #Besakih | https://t.co/bylS9i6JUZ"
Sat Mar 01 01:19:00 +0000 2025,Patroli Polairud Pastikan Keamanan Snorkeling Wisatawan Di Pantai Bloo Lagon - Polda Bali | #balitourism #bali #Ubud #Seminyak #Canggu #Kuta #NusaDua #Jimbaran #Uluwatu #Sanur #Gili #Tegalalang #TanahLot #Besakih | https://t.co/D6THcDmoJg
Fri Feb 28 14:30:03 +0000 2025,Satuan Polairud Polres Karangasem Laksanakan Blue Light Patrol di Obyek Wisata dan Pesisir Pantai Candidasa - Polda Bali | #balitourism #bali #Ubud #Seminyak #Canggu #Kuta #NusaDua #Jimbaran #Uluwatu #Sanur #Gili #Tegalalang #TanahLot #Besakih | https://t.co/tvMMvVf8Q0
Fri Feb 28 09:30:00 +0000 2025,"Kamtibmas Kondusif, Polairud Polres Karangasem Lakukan Patroli Wisata Pantai Candidasa - Polda Bali | #balitourism #bali #Ubud #Seminyak #Canggu #Kuta #NusaDua #Jimbaran #Uluwatu #Sanur #Gili #Tegalalang #TanahLot #Besakih | https://t.co/8ZQjeoXFsQ"
Thu Feb 27 14:30:06 +0000 2025,Giat Kryd Polsek Kubu Sambangi Objek Wisata Pantai Liberty Tulamben Dan Sampaikan Pesan Keamanan - Polda Bali | #balitourism #bali #Ubud #Seminyak #Canggu #Kuta #NusaDua #Jimbaran #Uluwatu #Sanur #Gili #Tegalalang #TanahLot #Besakih | https://t.co/n5p5Yr7mFX
Wed Feb 26 17:47:50 +0000 2025,"5ï¸âƒ£ Waktu Terbaik Berkunjung
Datanglah saat pagi atau sore hari untuk menghindari teriknya matahari dan keramaian. Sunset di Kelingking Beach juga sangat menakjubkan!

6ï¸âƒ£ Akses ke Kelingking Beach
Terletak di Nusa Penida, Bali, pantai ini bisa dicapai dengan fast boat dari Sanur"
Wed Feb 26 05:59:00 +0000 2025,"Bhabinkamtibmas Desa Nyuhtebel, Berikan Pelayanan Keamanan Pengunjung Obyek Wisata Pantai Batu Madeg. - Polda Bali | #balitourism #bali #Ubud #Seminyak #Canggu #Kuta #NusaDua #Jimbaran #Uluwatu #Sanur #Gili #Tegalalang #TanahLot #Besakih | https://t.co/xJg11igCJF"
Wed Feb 26 03:07:37 +0000 2025,"Mancing Mania Merapat Di Pantai Mertasari Sanur Bali. Alat Pancing Murah https://t.co/PIltZAN353

#Mancing #MancingMania #MancingDiLaut #MancingLiar #NgurahSuryaKusuma https://t.co/wpSW8YuSRH"
Mon Feb 24 10:33:47 +0000 2025,"Nikmati ketenangan dan suasana damai Nyepi dengan Cultural Getaway di Mercure Bali Sanur Resort. 

Habiskan waktu 2 malam dalam suasana yang tenang dan nyaman, merayakan hari sakral Nyepi dengan latar belakang pantai yang indah. Dengan harga special mulai dari IDR 2.999.000 net, https://t.co/fbOR5TMsSY"
Mon Feb 24 03:32:21 +0000 2025,"Pengurus Pusat (PP) Persatuan Olahraga Berkuda Seluruh Indonesia (PORDASI) menggelar audiensi dengan Dinas Pertanian dan Ketahanan Pangan Provinsi Bali di Pantai Mutiq, Sanur, Denpasar Selatan, Minggu (23/2).
https://t.co/xOhfYpWeap"
Mon Feb 24 00:20:55 +0000 2025,"@UcHiAjadEh @syalalalilii @wiratamiang @MorphoMenelausX Tmn gw pns di BPHP kalteng, rapat bimtek nya d bali. Mana hbs it mereka jalan2 ke pantai sanur d bali. Apa urgensi nya coba rapat model kyk gtu?"
Fri Feb 21 04:46:47 +0000 2025,"Saya bergabung dgn personel angkatan laut ğŸ‡¦ğŸ‡º, ğŸ‡®ğŸ‡© &amp; berbagai negara utk bersama bersihkan pantai di Sanur, Bali. Awak kapal dari HMAS Hobart ğŸ‡¦ğŸ‡º berada di Bali utk Multilateral Naval Exercise Komodo ke-5, latihan kerjasama maritim yg berfokus pada Search &amp; Rescue &amp; tanggap bencana. https://t.co/kX3w58lWXl"
Thu Feb 20 14:32:03 +0000 2025,Patroli Polsek Abang Sambangi Objek Wisata Pantai Amed - Polda Bali | #balitourism #bali #Ubud #Seminyak #Canggu #Kuta #NusaDua #Jimbaran #Uluwatu #Sanur #Gili #Tegalalang #TanahLot #Besakih | https://t.co/621SWwVtfH
Wed Feb 19 22:21:01 +0000 2025,"location on pict:

1. Lumpia gunting (Pantai Sanur)
2. La Brisa Sunday Market (Canggu)
3. La Brisa Sunday Market (Canggu)
4. Tukies Coconut Shop (Ubud)

ğŸ“BALI"
Tue Feb 18 05:59:01 +0000 2025,Asosiasi Biro Perjalanan Wisata di Bali Kerahkan Ratusan Anggota Bersih-bersih Sampah di Pantai Sanur - Bali Tribune | #balitourism #bali #Ubud #Seminyak #Canggu #Kuta #NusaDua #Jimbaran #Uluwatu #Sanur #Gili #Tegalalang #TanahLot #Besakih | https://t.co/fgHRFg8D6e
Thu Feb 13 09:30:00 +0000 2025,"Polairud Karangasem Laksanakan Patroli Pesisir di Pantai Padangbai, Himbau Wisatawan Waspadai Cuaca Ekstrem - Polda Bali | #balitourism #bali #Ubud #Seminyak #Canggu #Kuta #NusaDua #Jimbaran #Uluwatu #Sanur #Gili #Tegalalang #TanahLot #Besakih | https://t.co/HPLLxsKFQC"
Thu Feb 13 01:19:00 +0000 2025,"12 Destinasi Wisata Terpopuler di Pulau Bali, dari Pantai Eksotis hingga Hutan Asri - Timenews - Timenews | #balitourism #bali #Ubud #Seminyak #Canggu #Kuta #NusaDua #Jimbaran #Uluwatu #Sanur #Gili #Tegalalang #TanahLot #Besakih | https://t.co/UrvSUErfwx"
Tue Feb 11 17:43:13 +0000 2025,"â€” Pantai yang Tenang 
seperti Pantai Sanur di Bali atau Pantai Tanjung Lesung. Nikmati matahari terbenam bersama sambil berjalan di tepi pantai, atau makan malam romantis di restoran tepi laut."
Tue Feb 11 09:30:02 +0000 2025,"Patroli Polsek Kubu Pantau Objek Wisata Pantai Liberty Tulamben , Pastikan Keamanan Kunjungan Wisata. - Polda Bali | #balitourism #bali #Ubud #Seminyak #Canggu #Kuta #NusaDua #Jimbaran #Uluwatu #Sanur #Gili #Tegalalang #TanahLot #Besakih | https://t.co/wjkvFKeJpP"
Tue Feb 11 05:01:50 +0000 2025,"Pengurus Provinsi Persatuan Olahraga Berkuda Indonesia (Pordasi) Bali memantau lokasi latihan para atlet dan melihat kandang kuda di Pantai Muntiq, Kawasan Mertasari, Sanur, Denpasar Selatan, Minggu (9/2).
https://t.co/8xBFld6dU2"
Sun Feb 09 02:33:02 +0000 2025,"Personil BGP ATV Airud Bali pada minggu pagi (9/2) melaksanakan patroli diseputaran objek wisata pesisir Nusa Dua, Kuta, dan Sanur. dan selanjutnya melaksanakan dialogis dengan pemancing dan pengunjung pantai yang melaksanakan Banyu Pinaruh.

#airudbali_hebat #poldabali https://t.co/fPGyfDE5kb"
Thu Feb 06 09:30:02 +0000 2025,Pengamanan dan Pengawasan Kegiatan Wisata Pantai di Padangbai oleh Sat Polairud Polres Karangasem - Polda Bali | #balitourism #bali #Ubud #Seminyak #Canggu #Kuta #NusaDua #Jimbaran #Uluwatu #Sanur #Gili #Tegalalang #TanahLot #Besakih | https://t.co/2CQudfIgz5
Thu Feb 06 07:49:34 +0000 2025,"Siapa nih yang sore ini ada di pantai Sanur?
Jangan lupa beli lumpia ya!ğŸ˜

#PantaiSanur #sanurbeach #sanurbali #sanurvibes
Sumber : Gusagastia https://t.co/XmACh7ErN4"
Wed Feb 05 01:27:39 +0000 2025,"@bliblidotcom Mau cash 100 ribu
Saya suka Pantai Sindhu Sanur BaliğŸ˜Š"
Mon Feb 03 09:30:03 +0000 2025,"Pesona Pantai Tirta Ayu, Destinasi Wisata dengan Vibe Ala Bali di Pesisir Kabupaten Indramayu - Tribun Jabar | #balitourism #bali #Ubud #Seminyak #Canggu #Kuta #NusaDua #Jimbaran #Uluwatu #Sanur #Gili #Tegalalang #TanahLot #Besakih | https://t.co/6JKgEpg77R"
Sun Feb 02 14:55:36 +0000 2025,"Apa bener ya? Soalnya dulu 2016 study tour ke Bali bayar 800K padahal cuma sehari semalam termasuk menginap di hotel bintang 2. Destinasi wisata yang dikunjungi Pantai Sanur, Kute, Pandawa, Museum Brajasandi, Joger Jelek, dan pusat oleh oleh."
Fri Jan 31 09:30:04 +0000 2025,8 Tempat Wisata di Bali Selain Pantai untuk Long Weekend Halaman all - https://t.co/kqa64FHYI5 | #balitourism #bali #Ubud #Seminyak #Canggu #Kuta #NusaDua #Jimbaran #Uluwatu #Sanur #Gili #Tegalalang #TanahLot #Besakih | https://t.co/n5Jbed9AnG
Fri Jan 31 06:23:24 +0000 2025,"Suatu Pagi Di Pantai Sanur Bali...

#Runners #Jogging #Running #Sports #NgurahSuryaKusuma https://t.co/NNo9JJR3He"
Fri Jan 31 06:22:44 +0000 2025,"Suatu Pagi Di Pantai Sanur Bali...

#Runners #Jogging #Running #Sports #NgurahSuryaKusuma https://t.co/EjqyA7BqPD"
Fri Jan 31 06:21:58 +0000 2025,"Suatu Pagi Di Pantai Sanur Bali...

#Runners #Jogging #Running #Sports #NgurahSuryaKusuma https://t.co/ipfe3VU20e"
Fri Jan 31 02:13:42 +0000 2025,"Selesai Berenang Di Pantai Sanur Terus Makan Lumpia Bali Terasa Lebih Enak. Kok Bisa Ya?

#LumpiaBali #LumpiaSanur #PantaiSanur #SanurBeach #NgurahSuryaKusuma https://t.co/4MO1NhdwlX"
Fri Jan 31 01:45:57 +0000 2025,"10000 Langkah Menuju Lumpia Pantai Sanur Bali...

#LumpiaBali #LumpiaSanur #SanurBeach #PantaiSanur #NgurahSuryaKusuma https://t.co/HW3C6WE7KO"
Thu Jan 30 22:59:12 +0000 2025,@Darmadi084 Wah makasih banyak infonya. Kalau pantai Sanur di Bali itu sepanjang pantai nyaris gak ada ombak. Airnya tenang banget. Jadi Berasa nyemplung di kolam renang super jumbo. Itu bukan rip current kan ya.
Sat Jan 25 12:07:52 +0000 2025,Beliau harusnya pas ke Bali tuh nyobain Gelato yg di pantai sanur sih. Makan gelato sambil liat pantai
Sun Jan 19 14:51:49 +0000 2025,@danawallet healing ke pantai sanur di bali pasti nyaman
Tue Jan 14 04:02:19 +0000 2025,@bacottetangga__ Jawa mah. Semuanya di pungli. Bali sini enak. Bayar tiket resmi. 8 rb seorang sudah bisa masuk ke pantai bagus. Parkir mobil 5 rb. Ga ada yg pungli. Masuk kuta sanur nusa dua gratis. Hanya bayar parkir. Ga tau kenapa di  jawa sukanya main pungli.
Sun Jan 12 14:55:10 +0000 2025,"bisa ga yah, nanti kita honeymoon ke bali. melakukan aksi dengan view ubud/ pantai sanur 
WOWKWOWKWKQKQKKWKWKW"
Sun Jan 12 12:34:18 +0000 2025,"@rottenmlnds ï¸ï¸ 
selamat malam, @rottenmlnds. ahâ€“ bertemu dengan seorang dari pulau yang sama, senangnya. tempat favorite saya sedari dulu masih di Pantai Sanur. btw, di Bali tinggal di mana? salam kenal, Keiran!

ï¸ï¸"
Sun Jan 12 07:56:10 +0000 2025,"@arifin34533 Nah itu yg aku maksud Bro @arifin34533 &amp; hrs nya ada di pinggir pantai bkn ditengah lautan..spti yg aku liat di pantai Sanur Bali, klw pemecah ombak itu dipinggir pantai."
Sun Jan 12 07:38:21 +0000 2025,"Cuaca cerah kaya gini jadi pengen jalan-jalan di pantai lagiiiğŸ–

ğŸ“STUJA DI PANTAI Sanur Beach, Bali https://t.co/SLlPqdbN1F"
Sun Jan 12 01:56:46 +0000 2025,"@lenambelas_16 Iya bener
Di Bali ada yg mirip bgt di pantai mertasari sanur"
Fri Jan 10 02:12:09 +0000 2025,"NI POLLOK, PANTAI SANUR 1946 https://t.co/t7AUH1sRFA

#JHOPE_TOUR
#HOPE_ON_THE_STAGE_TOUR
#21WintersWithGunwook
Los Angeles
2025 SMTOWN"
Thu Jan 09 21:47:27 +0000 2025,"Pantai Sanur Yang Tenang 
#bali #pantaisanur #india #Trending https://t.co/jBGEJW9Xnb"
