title,link,date,content,is_fake
"Kejagung Tangkap Buronan Kasus Penipuan dan TPPU, Rosmala",https://nasional.kompas.com/read/2024/11/29/13590431/kejagung-tangkap-buronan-kasus-penipuan-dan-tppu-rosmala,2024-11-29," JAKARTA, KOMPAS.com – Tim Satgas SIRI Kejaksaan Agung bersama Tim Kejaksaan Tinggi Daerah Khusus Jakarta dan Tim Kejaksaan Negeri Jakarta Pusat menangkap buronan bernama Rosmala, yang masuk dalam Daftar Pencarian Orang (DPO). Kepala Pusat Penerangan Hukum (Kapuspenkum) Kejaksaan Agung, Harli Siregar mengatakan, Rosmala ditangkap di Jl. Zeni, Jatiwaringin, Jakarta Timur, Kamis (28/11/2024). ""Rosmala merupakan terpidana kasus penipuan dan tindak pidana pencucian uang (TPPU),"" kata Harli dalam keterangan resmi Jumat (29/11/2024). Baca juga: Kejagung Periksa Pejabat Bea Cukai Terkait Kasus Dugaan Korupsi Impor GulaPenangkapan tersebut berdasarkan Putusan Mahkamah Agung RI Nomor: 3642 K/PID.SUS/2023 tanggal 1 September 2023 yang menyatakan Rosmala terbukti secara sah dan meyakinkan bersalah.Kasus ini berawal ketika Manager PT. Aneka Putra Santosa Rosmala dan pemiliknya, Henny Djuwita Santosa ditetapkan sebagai tersangka pada 2021 lalu karena tidak memenuhi kewajibannya membayar pinjaman sebesar Rp 200 miliar kepada Bank Sinarmas. Dalam putusan tersebut, Rosmala dijatuhi hukuman pidana penjara selama 13 tahun, dikurangi masa penahanan, serta denda sebesar Rp 2 miliar.  Jika tidak membayar denda, Rosmala harus menjalani pidana kurungan selama enam bulan. “Penangkapan berlangsung lancar karena terpidana bersikap kooperatif,"" lanjut Harli. ""Setelah diamankan, ia langsung diserahkan kepada Tim Jaksa Kejaksaan Negeri Jakarta Pusat untuk proses hukum lebih lanjut,” tambah Harli. Baca juga: Kejagung Kembali Periksa OC Kaligis sebagai Saksi untuk Tersangka Zarof Ricar Penangkapan ini merupakan bagian dari Program Tabur Kejaksaan RI. Melalui program Tabur Kejaksaan, Jaksa Agung meminta jajarannya untuk memonitor dan segera menangkap buronan yang masih berkeliaran, guna dilakukan eksekusi demi kepastian hukum.  “Jaksa Agung mengimbau kepada seluruh buronan dalam Daftar Pencarian Orang (DPO) Kejaksaan RI, untuk segera menyerahkan diri dan mempertanggung-jawabkan perbuatannya karena tidak ada tempat bersembunyi yang aman,” tegasnya.",0
"Dilantik Jadi Sesmilpres, Kosasih Punya Harta 5,6 Miliar   ",https://nasional.kompas.com/read/2024/11/29/13394841/dilantik-jadi-sesmilpres-kosasih-punya-harta-56-miliar,2024-11-29,"JAKARTA, KOMPAS.com - Menteri Sekretaris Negara (Mensesneg) Prasetyo Hadi resmi melantik Mayor Jenderal TNI Kosasih SE sebagai Sekretaris Militer Presiden (Sesmilpres) pada Jumat, 29 November 2024.Dalam Laporan Harta Kekayaan Penyelenggara Negara (LHKPN) yang disampaikan pada 2 April 2024, Kosasih tercatat memiliki total harta kekayaan sebesar Rp 5,6 miliar atau tepatnya Rp 5.635.005.395.Baca juga: Profil Mayjen Kosasih, Sekretaris Militer Presiden yang BaruHarta kekayaan terbesar yang dimiliki Kosasih adalah tanah dan bangunan yang nilainya mencapai Rp 4 miliar.Ia memiliki satu tanah dan bangunan yang berlokasi di Depok, Jawa Barat.Selain itu, Kosasih juga memiliki alat transportasi dan mesin dengan total nilai sebesar Rp 425 juta, termasuk mobil Toyota Fortuner dan Honda Mobilio.Baca juga: Mensesneg Prasetyo Hadi Lantik 25 Pejabat Baru di Kemensetneg, Ini DaftarnyaKosasih juga memiliki surat berharga yang bernilai Rp 3,2 juta, serta kas dan setara kas sebesar Rp 981,7 juta.Sementara itu, harta lainnya mencapai Rp 1 miliar dengan total utang sebesar Rp 775 juta.Dengan semua aset tersebut, total kekayaan Kosasih mencapai Rp 5,6 miliar.",0
Kasatpol PP Dilantik Jadi Wali Kota Jakarta Pusat,https://megapolitan.kompas.com/read/2024/11/29/13332821/kasatpol-pp-dilantik-jadi-wali-kota-jakarta-pusat,2024-11-29,"JAKARTA, KOMPAS.com - Penjabat (Pj) Gubernur Jakarta Teguh Setyabudi melantik tujuh pejabat pimpinan tinggi pratama (eselon II) di lingkungan Pemerintah Provinsi (Pemprov) Jakarta, Kamis (28/11/2024) malam.Salah satunya Arifin yang sebelumnya merupakan kepala satuan polisi pamong praja (Satpol PP) menjadi Wali Kota Jakarta Pusat.Pelantikan dan pengambilan sumpah jabatan tujuh pejabat tersebut telah melewati tahap evaluasi kinerja dan uji kompetensi (job fit).Baca juga: Nasib Pilkada Jakarta Menggantung, Potensi Dua Putaran Dinilai Tipis""Mutasi dan promosi itu adalah proses kedinasan yang sangat wajar dalam menyeimbangkan dan menyelaraskan organisasi di pemerintahan,"" ujar Teguh dalam keterangannya, dikutip Jumat (29/11/2024).Teguh menyebut, perlu dilakukan penyelarasan untuk menghadirkan suasana baru di lingkup organisasi Perangkat Daerah.Ia berharap, seluruh jajaran Pemprov Jakarta selalu mencerminkan sikap yang amanah dalam menjunjung integritas dalam melayani masyarakat.""Saya harap kepada seluruh pejabat Pemprov DKI Jakarta terus meningkatkan kualitas pelayanan, profesionalitas, jaga integritas, serta jaga kapabilitas dalam menjalankan tugas,"" ucap dia.Tujuh pejabat eselon II yang dilantik sebagai berikut:1. Syaefuloh Hidayat sebagai Kepala Dinas Perpustakaan dan Kearsipan Provinsi Jakarta2. Dhany Sukma sebagai Inspektur Provinsi Jakarta3. Arifin sebagai Wali Kota Administrasi Jakarta Pusat4. Satriadi Gunawan sebagai Kepala Satuan Polisi Pamong Praja (Satpol PP) Provinsi Jakarta5. M Anwar sebagai Asisten Deputi Gubernur Bidang Pengendalian Permukiman6. Sugih Ilman sebagai Asisten Deputi Gubernur Bidang Industri dan Perdagangan.7. Chaidir sebagai Kepala Badan Kepegawaian Daerah Provinsi Jakarta.Baca juga: Berakhirnya Dominasi PKS di Jakarta dan Depok...Selain itu, Wakil Wali Kota Jakarta Timur Iin Mutmainah juga menerima surat tugas dari Sekda Jakarta Marullah Matali untuk melaksanakan tanggung jawab sebagai Plt Wali Kota Jakarta Timur.",0
"Soal Peluncuran Danantara, Mensesneg: Tunggu Tanggal Mainnya",https://nasional.kompas.com/read/2024/11/29/13232671/soal-peluncuran-danantara-mensesneg-tunggu-tanggal-mainnya,2024-11-29,"JAKARTA, KOMPAS.com - Menteri Sekretaris Negara (Mensesneg) Prasetyo Hadi mengungkapkan bahwa hingga saat ini belum ada tanggal pasti untuk peluncuran Badan Pengelola Investasi (BPI) Danantara.Ia meminta semua pihak untuk bersabar, karena proses dan persiapan peluncuran masih terus berlangsung.""Tunggu tanggal mainnya. Yang penting doa restunya ya,"" kata Prasetyo Hadi di Gedung Krida Bakti, Jakarta Pusat, pada Jumat (29/11/2024).Baca juga: Danantara Siap Beroperasi, Muliaman Hadad Akan Serahkan PP dan Perpres ke Mensesneg Hari IniPrasetyo juga menambahkan, hingga saat ini belum ada rencana pertemuan dengan Kepala BPI Danantara Muliaman Hadad, dan Wakil Kepala Danantara Kaharuddin Djenod.Sebelumnya, ada kabar bahwa keduanya akan menemuinya pada hari yang sama.""Enggak, enggak ada. Belum ada jadwal,"" ucapnya.Sementara itu, Head of Communication Danantara Anton Pripambudi menjelaskan bahwa Kepala dan Wakil Kepala Danantara akan menyerahkan Peraturan Pemerintah (PP) dan Peraturan Presiden (Perpres) kepada Mensesneg.Baca juga: Muliaman Hadad Sebut Aturan Hukum BPI Danantara Bakal Siap Pertengahan DesemberIa menegaskan bahwa pihaknya telah melakukan analisis cermat mengenai kecukupan peraturan perundangan agar Danantara dapat segera beroperasi.Pada saat yang sama, para pimpinan Danantara sedang melakukan finalisasi Struktur Organisasi dan Tata Kerja (SOTK) BPI Danantara.""Agar setelah PP dan Perpres diterbitkan, pimpinan Danantara bisa mendorong SOTK dimaksud untuk mendapatkan pengesahan dari KemenPAN RB,"" jelas dia dalam keterangan tertulis, Jumat.Baca juga: Erick Thohir Buka Suara Soal Wakil Kepala Danantara Rangkap Jabatan Jadi Dirut PT PALSebagai informasi, Badan Pengelola Investasi Danantara direncanakan menjadi salah satu badan pengelola investasi terbesar di dunia.Berdasarkan dokumen profil Danantara yang diperoleh Kompas.com, badan ini akan berfungsi sebagai superholding bagi tujuh Badan Usaha Milik Negara (BUMN), yaitu Bank Mandiri, Bank BRI, PLN, Pertamina, BNI, Telkom Indonesia, MIND ID, dan Indonesia Investment Authority (INA).Dengan demikian, pada tahap awal, aset yang akan dikelola Danantara diperkirakan mencapai 600 miliar dollar AS atau sekitar Rp 9.480 triliun (dengan kurs Rp 15.800 per dollar AS).Baca juga: Danantara Bertemu dengan Direksi BRI, Bahas Apa? Muliaman Darmansyah Hadad menyatakan bahwa aset yang dikelola Danantara akan lebih besar dibandingkan dengan Sovereign Wealth Fund Indonesia, yaitu Indonesia Investment Authority (INA).Oleh karena itu, INA bakal dikonsolidasikan ke dalam Danantara.""(Nasib INA) Iya, ke depan semua dikonsolidasikan. Dikonsolidasikan nanti ke dalam Danantara. Sementara pakai PP,"" kata Muliaman di Kompleks Istana Kepresidenan, Jakarta Pusat, Rabu (6/11/2024).",0
Peran Denden Imadudin di Kasus Judol Komdigi: Ketua Tim Pengendalian Konten Internet ,https://megapolitan.kompas.com/read/2024/11/29/13231461/peran-denden-imadudin-di-kasus-judol-komdigi-ketua-tim-pengendalian,2024-11-29,"JAKARTA, KOMPAS.com - Denden Imadudin (39), salah satu tersangka kasus ribuan situs judi online (judol) dilindungi pegawai Kementerian Komunikasi dan Digital (Komdigi) berperan sebagai ketua tim pengendalian konten internet di komplotan pelaku.“Ketua tim pengendalian konten internet dengan anggota tim, yaitu SA, FD, D, YP,” ujar Kabid Humas Polda Metro Jaya Kombes Pol Ade Ary Syam Indradi kepada wartawan, Jumat (29/11/2024).Tim ini bertugas menerima daftar situs judol dari pemilik dan koordinator situs tersebut, untuk kemudian ""dikondisikan"" agar tak diblokir.Baca juga: Alwin Jabarti Kiemas Berperan Jadi Bendahara dalam Kasus Judol Komdigi Sementara, yang berperan sebagai pencari situs judol salah satunya adalah tersangka B,.""(Dan) mengondisikan agar (situs judol) tidak diblokir oleh Kemenkominfo (kini Kementerian Komdigi),” ungkap Ade Ary.Diketahui, penyidik Ditreskrimum Polda Metro Jaya telah menetapkan 24 orang sebagai tersangka terkait skandal judi online yang melibatkan oknum pegawai di Kemenkomdigi.Ke-24 tersangka tersebut memiliki peran masing-masing, mulai dari bandar, pemilik atau pengelola website, hingga agen pencari situs judi.Selain itu, ada juga yang berperan sebagai penampung uang setoran dari agen hingga memverifikasi website judol agar tidak terblokir.Padahal, Kementerian Komdigi sedianya memiliki kewenangan memblokir situs judi. Namun, mereka justru memanfaatkan wewenang tersebut untuk meraup keuntungan pribadi.Para tersangka disangkakan melanggar Pasal 303 KUHP tentang perjudian dengan ancaman pidana penjara paling lama 10 tahun, Pasal 45 Ayat (3) juncto Pasal 27 Ayat (2) Undang-Undang (UU) Informasi dan Transaksi Elektronik (ITE) dengan ancaman pidana penjara paling lama 10 tahun, serta Pasal 5 juncto Pasal 2 Ayat (1) huruf t dan huruf z UU Tindak Pidana Pencucian Uang (TPPU) dengan ancaman pidana penjara paling lama 20 tahun.Baca juga: Adhi Kismanto: Pemuda di Balik Koordinasi Pegawai Komdigi di Kasus Judol",0
"Dukung Sayembara Maruarar Sirait, Demokrat: Respek, Jarang Terjadi di Indonesia",https://nasional.kompas.com/read/2024/11/29/13214721/dukung-sayembara-maruarar-sirait-demokrat-respek-jarang-terjadi-di-indonesia,2024-11-29,"JAKARTA, KOMPS.com - Anggota Komisi III DPR RI dari Fraksi Partai Demokrat Hinca Panjaitan mengapresiasi langkah Menteri Perumahan dan Kawasan Permukiman (PKP) Maruarar Sirait yang mengadakan sayembara untuk menemukan buronan Komisi Pemberantasan Korupsi (KPK) Harun Masiku. Hinca mengaku kaget karena Maruarar mau menyisihkan uangnya hingga mencapai Rp 8 miliar untuk hadiah sayembara. ""Yang mengejutkan saya, sekaligus juga respek dan jarang sekali terjadi di Indonesia, ketika dia mengatakan menyisihkan rezekinya dari Tuhan untuk memberi kepada siapa saja yang mendapatkan Harun Masiku,"" kata Hinca di Kompleks Parlemen, Jakarta, Jumat (29/11/2024). Baca juga: Alasan Maruarar Gelar Sayembara Berhadiah Rp 8 Miliar untuk Cari Harun Masiku Ketua Dewan Kehormatan Partai Demokrat ini menilai tertangkapnya Harun Masiku juga menjadi harapan masyarakat. Sebagai anggota Komisi III DPR, ia juga berharap kasus ini segera dituntaskan.  ""Agar hutang-hutang KPK masa lalu ya harus diselesaikan. Benar itu Bung Maruarar, kalau memang hilang, gimana hilangnya? Kalau gak ketemu, kenapa enggak ketemunya? Dan seterusnya,"" ujarnya. Bagi Hinca, sayembara ini juga menjadi tantangan dan peluang bagi pimpinan yang baru untuk gerak cepat melakukan tugasnya menangkap Harun. ""Ini kan tugas dan kewajiban KPK. Jadi saya dukung Bang Maruarar Sirait, saya dukung KPK untuk menuntaskan ini karena ini harapan masyarakat dan hutang KPK untuk ke depan yang harus dibayar lunas,"" tuturnya. Baca juga: Menteri Ara Adakan Sayembara Temukan Harun Masiku, KPK: Kami Tetap Cari Diketahui, Harun Masiku adalah tersangka kasus dugaan suap penetapan calon anggota DPR RI terpilih periode 2019-2024, yang sudah hampir lima tahun berstatus buron. Maruarar sebelumnya menjelaskan alasannya menggelar sayembara dengan hadiah fantastis tersebut. Menurut dia, itu dilakukan karena butuh partisipasi publik untuk menemukan Harun Masiku. “Kita berharap negara ini tidak ada kebal hukum. Masa ada orang yang sudah bertahun-tahun tersangka, kok bisa bebas berkeliaran?” ujar Maruarar saat ditemui di Stasiun Manggarai pada Rabu, 27 November 2024, dikutip dari Kontan. Baca juga: Sayembara Cari Harun Masiku, Pernah Dimunculkan Fahri Hamzah Kini Maruarar Sirait Dia pun menekankan bahwa sayembara tersebut untuk membuktikan tidak ada orang yang kebal hukum di Tanah Air. Pasalnya, pencarian Harun Masiku tidak kunjung ada perkembangan. “Orang itu kok hebat sekali sih? Berapa tahun enggak ketemu, enggak ada jejaknya. Nah, dengan sekarang kan isu ini terbuka lagi, hangat lagi. Tentu wartawan juga bisa cari bantuan, bisa dapat Rp 8 miliar loh, kalau bisa nangkap,” ujar Maruarar.  ""Apa salahnya saya memberikan itu? Kan partisipasi publik, orang uang pribadi kok,” katanya melanjutkan.",0
Adhi Kismanto: Pemuda di Balik Koordinasi Pegawai Komdigi di Kasus Judol,https://megapolitan.kompas.com/read/2024/11/29/13191231/adhi-kismanto-pemuda-di-balik-koordinasi-pegawai-komdigi-di-kasus-judol,2024-11-29," JAKARTA, KOMPAS.com - Adhi Kismanto (27), salah satu tersangka dalam kasus situs judi online (judol) yang dilindungi pegawai Kementerian Komunikasi dan Digital (Komdigi) rupanya mempunyai peran penting dalam perkara tersebut.Staf Ahli Kementrian Komdigi itu menjadi koordinator para pegawai Kementerian Komdigi yang terlibat agar tidak memblokir situs judol yang sudah memberikan setoran uang.“Mengkoordinir oknum Komdigi agar menjaga website judi online yang sudah berkoordinasi agar berhasil tidak diblokir dengan cara mengendalikan oknum PNS Komdigi seusai dengan perannya masing-masing,” kata Kabid Humas Polda Metro Jaya Kombes Pol Ade Ary Syam Indradi kepada wartawan, Jumat (29/11/2024).Baca juga: Alwin Jabarti Kiemas Berperan Jadi Bendahara dalam Kasus Judol Komdigi Dirreskrimum Polda Metro Jaya Kombes Pol Wira Satya Triputra sempat mengungkapkan, Adhi Kismanto bersama tersangka Alwin Jabarti Kiemas (40) dan tersangka A alias M mengendalikan kantor satelit yang berlokasi di Bekasi Selatan, Kota Bekasi.""Berdasarkan keterangan dari pada para tersangka kantor tersebut dikendalikan oleh 3 orang tersangka dengan inisial AK, AJ dan A,"" kata Wira di Gedung Ditkrimum Polda Metro Jaya, Selasa (5/11/2024).Diketahui, penyidik Ditreskrimum Polda Metro Jaya telah menetapkan 24 orang sebagai tersangka terkait skandal judi online yang melibatkan oknum pegawai di Kemenkomdigi.Dari ke-24 tersangka tersebut, mereka memiliki peran masing-masing, mulai dari bandar, pemilik atau pengelola website, hingga agen pencari situs judi.Baca juga: Potret Hedon Denden Pegawai Komdigi Beking Judol: Koleksi Mobil Mewah dan Buang Duit di LingkunganSelain itu, ada juga yang berperan sebagai penampung uang setoran dari agen hingga memverifikasi website judol agar tidak terblokir.Padahal, Kementerian Komdigi sedianya memiliki kewenangan memblokir situs judi. Namun, mereka justru memanfaatkan wewenang tersebut untuk meraup keuntungan pribadi.Para tersangka disangkakan melanggar Pasal 303 KUHP tentang perjudian dengan ancaman pidana penjara paling lama 10 tahun, Pasal 45 Ayat (3) juncto Pasal 27 Ayat (2) Undang-Undang (UU) Informasi dan Transaksi Elektronik (ITE) dengan ancaman pidana penjara paling lama 10 tahun, serta Pasal 5 juncto Pasal 2 Ayat (1) huruf t dan huruf z UU Tindak Pidana Pencucian Uang (TPPU) dengan ancaman pidana penjara paling lama 20 tahun.Baca juga: Warga Terkejut Denden Imadudin Terlibat Kasus Judol Komdigi",0
Alwin Jabarti Kiemas Berperan Jadi Bendahara dalam Kasus Judol Komdigi ,https://megapolitan.kompas.com/read/2024/11/29/13101411/alwin-jabarti-kiemas-berperan-jadi-bendahara-dalam-kasus-judol-komdigi,2024-11-29,"JAKARTA, KOMPAS.com - Alwin Jabarti Kiemas (40), salah satu tersangka kasus situs judi online (judol) dilindungi pegawai Kementerian Komunikasi dan Digital (Komdigi) berperan sebagai bendahara di komplotan pelaku. “(Alwin) mengelola keuangan hasil koordinasi website judi online agar tidak terblokir oleh Kominfo (kini Komdigi),” ujar Kabid Humas Polda Metro Jaya Kombes Pol Ade Ary Syam Indradi kepada wartawan, Jumat (29/11/2024).Baca juga: Potret Hedon Denden Pegawai Komdigi Beking Judol: Koleksi Mobil Mewah dan Buang Duit di Lingkungan Selain sebagai bendahara, Alwin juga berperan membagikan uang hasil kejahatan perkara tersebut.“Mengantarkan uang hasil pembagian kepada masing-masing orang yang terlibat,” ujar Ade Ary.Keterlibatan Alwin dalam kasus ini pertama kali diungkapkan oleh Direktur Reserse Kriminal Umum Polda Metro Jaya Kombes Pol Wira Satya Triputra.“Kami jawah benar (Alwin turut ditangkap),” ungkap Wira dalam jumpa pers di Balai Pertemuan Metro Jaya, Polda Metro Jaya, Senin (25/11/2024).Wira juga sempat mengungkapkan bahwa Alwin bersama staf ahli Kementrian Komdigi, Adhi Kismanto (27), dan tersangka A aliqs M mengendalikan kantor satelit yang berlokasi di Bekasi Selatan, Kota Bekasi.""Berdasarkan keterangan daripada para tersangka, kantor tersebut dikendalikan oleh tiga orang tersangka dengan inisial AK, AJ dan A,"" kata Wira di Gedung Ditkrimum Polda Metro Jaya, Selasa (5/11/2024).Diketahui, penyidik Ditreskrimum Polda Metro Jaya telah menetapkan 24 orang sebagai tersangka skandal judi online yang melibatkan oknum pegawai di Kemenkomdigi.Ke-24 tersangka tersebut memiliki peran masing-masing, mulai dari bandar, pemilik atau pengelola website, hingga agen pencari situs judi.Baca juga: Denden Imadudin, Pegawai Komdigi yang Terlibat Judol Dikenal Aktif Ikut Kegiatan KeagamaanSelain itu, ada juga yang berperan sebagai penampung uang setoran dari agen, hingga memverifikasi website judol agar tidak terblokir.Padahal, Kementerian Komdigi sedianya memiliki kewenangan memblokir situs judi. Namun, mereka justru memanfaatkan wewenang tersebut untuk meraup keuntungan pribadi.Para tersangka disangkakan melanggar Pasal 303 KUHP tentang perjudian dengan ancaman pidana penjara paling lama 10 tahun, Pasal 45 Ayat (3) juncto Pasal 27 Ayat (2) Undang-Undang (UU) Informasi dan Transaksi Elektronik (ITE) dengan ancaman pidana penjara paling lama 10 tahun, serta Pasal 5 juncto Pasal 2 Ayat (1) huruf t dan huruf z UU Tindak Pidana Pencucian Uang (TPPU) dengan ancaman pidana penjara paling lama 20 tahun.",0
"Sosialisasi Bahaya Judi Online, Ketua Komisi XI DPR: Negara dan Masyarakat Dibikin Susah",https://nasional.kompas.com/read/2024/11/29/13031081/sosialisasi-bahaya-judi-online-ketua-komisi-xi-dpr-negara-dan-masyarakat,2024-11-29,"JAKARTA, KOMPAS.com - Ketua Komisi XI DPR Mukhamad Misbakhun mengajak perwakilan Otoritas Jasa Keuangan (OJK) untuk menyosialisasikan bahaya judi online (judol) dan pinjaman online (pinjol) ke Pasuruan, Jawa Timur, sebagai upaya untuk menangkal bahaya judol dan pinjol.""Judi online ini mengisap ekonomi. Masyarakat makin susah dan negara dibikin susah karena jumlah uang yang beredar di Indonesia menjadi menyusut,"" ujar Misbakhun dilansir Antara, Jumat.Di acara bertema ""Penyuluhan Jasa Keuangan"" tersebut, Misbakhun menyatakan judol membawa pengaruh buruk yang sangat besar bagi masyarakat tingkat bawah.Menurut dia, roda perekonomian masyarakat yang seharusnya berputar akhirnya harus tersendat karena uangnya digunakan judol.Baca juga: Menteri UMKM Sebut Judi Online jadi Biang Kerok Turunnya Daya Beli MasyarakatIa menambahkan sejumlah cerita memilukan tentang efek judol, misalnya banyak kasus perceraian, kekerasan dalam rumah tangga, anak berani kepada orang tua, bahkan bunuh diri yang terpicu efek judol.Oleh karena itu, Misbakhun mewanti-wanti konstituennya agar tidak terbujuk iming-iming untung besar dari judol.""Jangan sampai uang yang seharusnya untuk makan dan kebutuhan anak bersekolah malah dialihkan untuk judi online dan berharap uangnya bisa kembali berlipat ganda,"" kata Misbakhun.Ia juga mengajak semua konstituennya untuk ikut aktif menangkal bahaya judol di lingkungan masing-masing.""Masyarakat harus diingatkan tentang bahayanya judi online yang sangat merusak sendi ekonomi masyarakat dan negara,"" ucap dia.Baca juga: Judi Online Jadi Ancaman Baru Kemiskinan di IndonesiaAdapun di Kecamatan Purworejo, Kota Pasuruan, Misbakhun berbicara tentang pinjol yang berkelindan dengan judol. Mantan PNS di Direktorat Jenderal Pajak itu menyebut banyak pinjol ilegal memanfaatkan warga yang sedang kesulitan keuangan, termasuk menyasar para korban judol.'Saya ingin warga Pasuruan jauh dari jeratan pinjaman online ilegal yang biasanya sangat dekat dengan judi online. Kita ingatkan kepada masyarakat Pasuruan agar terus waspada terhadap tawaran-tawaran yang hadir di tengah makin kencangnya arus digitalisasi saat ini,' katanya.Misbakhun menuturkan memang layanan pinjol mudah diakses karena kecanggihan teknologi saat ini. Namun, dia menegaskan banyak penyedia pinjol ilegal yang tidak terdaftar di OJK.""Jadi, kita harus berhati-hati dan jangan sampai data kita diakses, karena data pribadi kita di handphone bisa diambil dan akan menjadi masalah,"" kata dia.",0
Bey Machmudin Dilantik Jadi Deputi Hubungan Kelembagaan dan Kemasyarakatan Kemensetneg,https://nasional.kompas.com/read/2024/11/29/12492091/bey-machmudin-dilantik-jadi-deputi-hubungan-kelembagaan-dan-kemasyarakatan,2024-11-29,"JAKARTA, KOMPAS.com - Bey Triadi Machmudin dilantik menjadi Deputi Bidang Hubungan Kelembagaan dan Kemasyarakatan, Kementerian Sekretariat Negara pada Jumat (29/11/2024) pagi.Dalam foto-foto yang dibagikan Kantor Komunikasi Kepresidenan, pelantikan ini dilakukan oleh Menteri Sekretaris Negara (Mensesneg) Prasetyo Hadi, di Gedung Krida Bakti, Jakarta Pusat.Setidaknya, ada 25 pejabat yang dilantik termasuk Bey.Sebelum dilantik, Bey merupakan Penjabat (Pj) Gubernur Jawa Barat usai Ridwan Kamil menyelesaikan masa tugasnya.Baca juga: Profil Mayjen Kosasih, Sekretaris Militer Presiden yang BaruIa resmi menggantikan Ridwan Kamil pada 5 September 2023.Bey juga bukan orang baru di lingkungan Istana Kepresidenan.Ia sebelumnya pernah menjabat sebagai Asisten Staf Khusus Wakil Presiden Bidang Komunikasi dan Informasi pada 2011, lalu dipromosikan menjadi Asisten Deputi Dokumentasi dan Diseminasi Informasi Sekretariat Wakil Presiden pada 2014.Sejak tahun 2021, Bey menjabat sebagai Deputi Protokol Pers dan Media Sekretariat Presiden.Ia kemudian dirotasi menjadi Staf Ahli Komunikasi Politik dan Kehumasan Menteri Sekretaris Negara.Usai pelantikan, Prasetyo menjabarkan, pelantikan itu dilakukan karena ada penyesuaian dan peleburan fungsi.Baca juga: Mensesneg Prasetyo Hadi Lantik 25 Pejabat Baru di Kemensetneg, Ini DaftarnyaSalah satu peleburan yang terjadi di pemerintahan saat ini adalah fungsi Sekretariat Kabinet (Setkab) yang berada di bawah Sekretariat Negara (Setneg).""Pertama-tama ini hari ini pelantikan oleh karena terdapat penyesuaian fungsi, peleburan fungsi Seskab di bawah Sekretariat Negara. Sehingga konsekuensinya terjadi ya rotasi lah, rotasi dan penugasan,"" kata Prasetyo di Gedung Krida Bakti, Jakarta Pusat, Jumat (29/11/2024).Ia menuturkan, rotasi dan pelantikan adalah hal yang biasa di lingkup Abdi negara maupun Aparatur Sipil Negara (ASN).Hal ini bagian dari pengembangan karir, penyegaran (refreshment), dan peningkatan kompetensi.Baca juga: Dilantik Jadi Kasetpres, Ariyo Windutomo Punya Harta Rp 3,9 MiliarIa pun meyakini pejabat yang dilantik akan memberi dukungan kepada kerja-kerja pemerintahan.",0
KPK Periksa Sekda Kalsel Dalami Kasus Sahbirin Noor,https://nasional.kompas.com/read/2024/11/29/12462501/kpk-periksa-sekda-kalsel-dalami-kasus-sahbirin-noor,2024-11-29,"JAKARTA, KOMPAS.com - Komisi Pemberantasan Korupsi (KPK) sedang mendalami berbagai kegiatan eks Gubernur Kalimantan Selatan (Kalsel) Sahbirin Noor (Paman Birin) lewat pemeriksaan Sekretaris Daerah (Sekda) Provinsi Kalsel Roy Rizali Anwar.Direktur Penyidikan KPK Asep Guntur Rahayu menyampaikan, penyidik telah memeriksa Roy Rizali Anwar diperiksa sebagai saksi pada Kamis (28/11/2024).Selain itu, KPK juga menyelidiki berbagai proyek pengadaan di Pemerintah Provinsi Kalsel.""Untuk pendalamannya tentu terkait dengan beberapa kegiatan yang dilakukan oleh Pak Sahbirin di sana,"" kata Asep kepada wartawan pada hari Jumat (29/11/2024).Baca juga: Surat Panggilan Retur, KPK Batal Periksa Mantan Gubernur Kalsel Sahbirin NoorPada hari yang sama, penyidik KPK memeriksa Kepala Seksi (Kasi) Jalan Dinas PUPR Provinsi Kalsel, Handa Ferani, serta Staf Bidang Cipta Karya Dinas PUPR Provinsi Kalsel, Muhammad Aris Anova Pratama.Sebelumnya, KPK telah menetapkan Sahbirin sebagai tersangka suap setelah melakukan operasi tangkap tangan (OTT) pada 6 Oktober lalu.Namun, status tersangka tersebut dicabut setelah Pengadilan Negeri Jakarta Selatan mengabulkan gugatan praperadilan yang diajukan oleh Sahbirin.Meskipun Sahbirin berhasil lolos dari jeratan hukum, sejumlah anak buahnya masih menyandang status tersangka.Baca juga: Eks Gubernur Kalsel Sahbirin Noor Kembali Mangkir dari Panggilan KPKMereka termasuk Kepala Dinas PUPR Kalimantan Selatan, Ahmad Solhan, Kepala Bidang Cipta Karya Kalimantan Selatan, Yulianti Erlinah, pengurus Rumah Tahfidz Darussalam, Ahmad, dan Plt Kepala Bagian Rumah Tangga Gubernur Kalimantan Selatan yang berinisial Agustya Febry Andrean.Selain itu, dua orang pihak swasta, Sugeng Wahyudi dan Andi Susanto, juga berstatus tersangka.Setelah memenangi praperadilan, Sahbirin mengundurkan diri dari jabatannya sebagai Gubernur Kalsel.",0
Anies Tegaskan Tak Terlibat dalam Pendirian Partai Perubahan,https://megapolitan.kompas.com/read/2024/11/29/12431791/anies-tegaskan-tak-terlibat-dalam-pendirian-partai-perubahan,2024-11-29,"JAKARTA, KOMPAS.com - Mantan gubernur Jakarta Anies Baswedan menegaskan tidak terlibat dalam pendirian Partai Perubahan.Dia tidak pernah menjadi bagian dari inisiatif untuk mendirikan Partai Perubahan. ""Saya ingin tegaskan di sini, bukan bagian dari inisiatif saya dan saya tidak menjadi bagian dari itu semua, titik sampai di situ,"" ujar Anies dalam program Rosi di Kompas TV, dikutip Jumat (29/11/2024).Baca juga: Anies Yakin Pramono-Rano Kalahkan RK-Suswono dalam Satu PutaranAnies memastikan, Partai Perubahan tidak ada kaitannya sama sekali dengan dirinya.Dia ingin masyarakat memahami bahwa dirinya tidak terlibat dalam proses apapun yang berkaitan dengan Partai Perubahan.Hal senada juga pernah disampaikan oleh Juru Bicara Anies Baswedan, Sahrin Hamid. Dia mengatakan bahwa Anies sama sekali tidak terlibat dalam pembentukan Partai Perubahan yang dideklarasikan baru-baru ini.Anies juga tidak terlibat dalam acara dan kegiatan deklarasi partai baru itu.Termasuk dengan dugaan keterlibatan Anies pada kegiatan sumbangan yang dibuka partai itu. Dia dengan tegas mengatakan bahwa Anies tidak pernah terlibat dengan kegiatan itu.""Pak Anies Baswedan tidak terlibat dengan Partai Perubahan atau Partai Perubahan Indonesia atau partai baru apa pun, baik dari proses pendirian hingga pelaksanaan kegiatan-kegiatannya,"" ujar Sahrin saat dihubungi melalui pesan singkat, Senin (11/11/2024).Baca juga: Dukung Pramono-Rano di Pilkada Jakarta, Anies: Ini Bukan Rekayasa, tapi Karunia TuhanSebelumnya, beredar pamflet dan juga deklarasi pembentukan Partai Perubahan Indonesia yang menjual sosok Anies sebagai jalan politiknya.Pembentukan Partai Perubahan sebenarnya pernah menjadi wacana Anies. Namun hingga saat ini, wacananya untuk mendirikan partai politik masih dalam kajian.Dia tidak mau terburu-buru dalam mengambil keputusan, meski pada akhir Agustus lalu sempat mengatakab pendirian organisasi massa (ormas) atau partai politik menjadi opsi sebagai pembuka jalan perubahan.""Itu semua sedang dalam proses kajian nanti kita lihat,"" ujar Anies Baswedan saat menjawab pertanyaan wartawan usai menjadi pembicara diskusi di Wisma Kagama, UGM, Senin (9/09/2024).Baca juga: Turun Gunung di Pilkada Jakarta, Anies Bantah Ingin Ambil Panggung Pramono-Rano",0
"Profil Mayjen Kosasih, Sekretaris Militer Presiden yang Baru",https://nasional.kompas.com/read/2024/11/29/12382521/profil-mayjen-kosasih-sekretaris-militer-presiden-yang-baru,2024-11-29,"JAKARTA, KOMPAS.com - Mayjen TNI Kosasih dilantik Menteri Sekretaris Negara, Prasetyo Hadi, menjadi Sekretaris Militer Presiden (Sesmilpres) pada Jumat (29/11/2024). Kosasih diketahui merupakan orang dekat Presiden Prabowo Subianto.Catatan Kompas.com, Kosasih sebelumnya merupakan staf ahli Prabowo ketika menjabat Menteri Pertahanan (Menhan).Ia bersama Sekretaris Presiden (Kasetpres) baru, Mayjen TNI Ariyo Windutomo, juga pernah dipercaya menjadi Ketua Panitia Acara Parade Senja dan Gala Dinner HUT Ke-78 TNI pada 2023.Kosasih merupakan lulusan Akademi Militer (Akmil) 1993. Dia adalah prajurit Infanteri Kopassus.Baca juga: Mayjen TNI Kosasih Dilantik Jadi Sekretaris Militer PresidenDirinya pernah mengemban tugas sebagai Pasukan Pengaman Presiden (Paspampres).Ketika berpangkat kolonel, Kosasih pernah menjabat Kainfolahtadam XVI/Pattimura (2016), Kabintaldam XVI/Pattimura (2016), Seslem Sesko TNI (2017), Dik Sesko TNI (2018), Sahli Bid. Sosbud (2019), Dosen Utama Seskoad (2020), Pamen Denma Mabesad (Dik Lemhanas) (2021), dan Komandan Korem 062/Tarumanegara (2021-2022).Saat pecah bintang, tepatnya berpangkat bintang 1 atau Brigadir Jenderal, Kosasih dipercaya menjadi Karopeg Setjen Kemenhan pada 2022-2023.Lalu ia naik satu pangkat menjadi Mayjen pada dengan mengemban jabatan Staf Ahli Menhan bidang Keamanan pada 2023-2024.",0
Mayjen TNI Kosasih Dilantik Jadi Sekretaris Militer Presiden,https://nasional.kompas.com/read/2024/11/29/12351531/mayjen-tni-kosasih-dilantik-jadi-sekretaris-militer-presiden,2024-11-29,"JAKARTA, KOMPAS.com - Mayjen Tentara Nasional Indonesia (TNI) Kosasih dilantik menjadi Sekretaris Militer Presiden pada Jumat (29/11/2024) pagi. Pelantikan dipimpin oleh Menteri Sekretaris Negara (Mensesneg) Prasetyo Hadi, di Gedung Krida Bakti, Jakarta Pusat. Setidaknya, ada 25 pejabat yang dilantik, termasuk Kosasih.  Selain itu, ada pula Setya Utama, yang dilantik menjadi Sekretaris Kementerian Sekretariat Negara; dan Mayjen TNI Ariyo Windutomo, yang dilantik menjadi Sekretaris Presiden, Kementerian Sekretariat Negara.  Baca juga: Mayjen Ariyo Windutomo Dilantik Jadi Kasetpres Gantikan Heru BudiPrasetyo menjabarkan, pelantikan para pejabat baru itu dilakukan karena ada penyesuaian dan peleburan fungsi.  Salah satu peleburan yang terjadi di pemerintahan saat ini adalah fungsi Sekretariat Kabinet (Setkab) yang berada di bawah Sekretariat Negara (Setneg). ""Pertama-tama ini hari ini pelantikan oleh karena terdapat penyesuaian fungsi, peleburan fungsi Seskab di bawah Sekretariat Negara. Sehingga konsekuensinya terjadi ya rotasi lah, rotasi dan penugasan,"" kata Prasetyo di Gedung Krida Bakti, Jakarta Pusat, Jumat (29/11/2024). Ia menuturkan, rotasi dan pelantikan adalah hal yang biasa di lingkup Abdi negara maupun Aparatur Sipil Negara (ASN).  Hal ini bagian dari pengembangan karir, penyegaran (refreshment), dan peningkatan kompetensi. Baca juga: Profil Mayjen TNI Ariyo Windutomo, Kasetpres Segudang Pengalaman di Bidang Pertahanan Berikut ini daftar 25 pejabat yang dilantik pagi ini oleh Mensesneg 1. Setya Utama, Sekretaris Kementerian Sekretariat Negara; 2. Mayjen TNI Ariyo Windutomo, Sekretaris Presiden, Kementerian Sekretariat Negara; 3. Mayjen TNI Kosasih, Sekretaris Militer Presiden, Kementerian Sekretariat Negara; 4. Yuli Harsono, Sekretaris Dukungan Kabinet, Kementerian Sekretariat Negara; 5. Rika Kiswardani, Deputi Bidang Administrasi dan Pengelolaan Istana, Sekretariat Presiden, Kementerian Sekretariat Negara;",0
Anies Dinilai Dongkrak Suara Pramono-Rano di Pilkada Jakarta 2024,https://megapolitan.kompas.com/read/2024/11/29/12203901/anies-dinilai-dongkrak-suara-pramono-rano-di-pilkada-jakarta-2024,2024-11-29,"JAKARTA, KOMPAS.com - Pengamat Politik Agung Baskoro menilai, sosok Anies Baswedan mendongkrak suara calon gubernur dan calon wakil gubernur Jakarta nomor urut 3, Pramono Anung-Rano Karno pada Pilkada Jakarta 2024.""Kalau itu otomatis (mendongkrak suara), endorse sekecil atau sebesar apa pun pasti ada pengaruhnya,"" ujar Agung saat diwawancarai Kompas.com, Kamis (27/11/2024).Apalagi, banyak warga Jakarta yang merasa puas dengan kinerja Anies saat menjabat sebagai gubernur Jakarta.Baca juga: Anies Yakin Pramono-Rano Kalahkan RK-Suswono dalam Satu Putaran""Apalagi dari seorang Anies Baswedan yang punya approval rating atau kepuasan atas kinerja dia cukup tinggi,"" kata Agung.Selain itu, elektabilitas Anies juga cukup tinggi. Bahkan, pengaruh Anies untuk perolehan suara Pramono-Rano sama seperti pengaruh Joko Widodo dan Presiden Republik Indonesia (RI) Prabowo Subianto ke suara Ridwan Kamil (RK)-Susuwono.""Pengaruhnya sebagaimana Pak Jokowi dan Pak Prabowo di sisi RK,"" ucap Agung.Diketahui, berdasarkan hitung cepat (quick count) Litbang Kompas pasangan Pramono-Rano meraih 49,49 persen suara pada Pilkada Jakarta 2024.Sementara itu, pasangan Ridwan Kamil-Suswono, mendapatkan 40,02 persen suara.Sedangkan, pasangan cagub-cawagub Jakarta nomor urut 2, Dharma Pongrekun-Kun Wardana mendapatkan 10,49 persen suara.Baca juga: Dukung Pramono-Rano di Pilkada Jakarta, Anies: Ini Bukan Rekayasa, tapi Karunia TuhanSuara tersebut diperoleh dari penghitungan yang masuk dari total 400 TPS sampel di Jakarta.Hitung cepat Litbang Kompas dalam Pilkada Jakarta 2024 menggunakan metode sistematik random sampling dan memiliki margin of error kurang lebih 1 persen.Hitung cepat ini dibiayai sepenuhnya oleh Harian Kompas (PT Kompas Media Nusantara).Hasil hitung cepat ini bukanlah hasil resmi. Hasil resmi akan diumumkan oleh Komisi Pemilihan Umum (KPU) setelah melakukan rekapitulasi suara secara berjenjang dari Kamis hingga Senin (16/12/2024).Baca juga: Turun Gunung di Pilkada Jakarta, Anies Bantah Ingin Ambil Panggung Pramono-Rano",0
"RK-Suswono Disarankan Kurangi Blunder jika Ingin Menang Pilkada, Seandainya 2 Putaran",https://megapolitan.kompas.com/read/2024/11/29/12182181/rk-suswono-disarankan-kurangi-blunder-jika-ingin-menang-pilkada,2024-11-29,"JAKARTA, KOMPAS.com - Direktur Eksekutif Trias Politika Strategis Agung Baskoro menyarankan pasangan calon gubernur (cagub) dan wakil gubernur (cawagub) Jakarta nomor urut 1 Ridwan Kamil (RK)-Suswono mengurangi blunder jika ingin memenangkan Pilkada Jakarta 2024, seandainya pemilihan digelar dua putaran.Pasalnya, kata Agung, jika berulang kali blunder, upaya Ridwan menarik hati rakyat lewat blusukan dan kampanye di berbagai media akan sia-sia.""Kurang-kurangi blunder, kesalahan yang tidak perlu,"" ujar Agung saat diwawancarai Kompas.com, Kamis (28/11/2024).Selain itu, Agung menilai, mesin partai politik Koalisi Indonesia Maju (KIM) Plus pengusung Ridwan-Suswono mestinya bergerak optimal. Baca juga: Ridwan Kamil-Suswono Bicara Kecurangan, Pramono-Rano Klaim KemenanganJika tidak, koalisi gemuk yang terdiri dari belasan partai politik tersebut tidak akan membawa keuntungan.""Koalisi partai pengusung enggak gerak, enggak jalan, blunder lagi, minus lagi, lama-lama kalah,"" tambah Agung.Bersamaan dengan itu, menurut Agung, peran Suswono harus lebih dioptimalkan.Dia menilai, yang paling aktif berkampanye hanya Ridwan seorang. Padahal, figur calon wakil pada Pilkada sangat penting untuk membangun kepercayaan masyarakat.""Pak Suswono harus lebih aktif dan masif,"" ujar Agung.Adapun nasib Pilkada Jakarta 2024 menggantung. Belum diketahui apakah kontestasi tersebut bakal digelar satu atau dua putaran. Sebagai informasi, pasangan calon gubernur-calon wakil gubernur (cagub-cawagub) Jakarta nomor urut 3, Pramono Anung-Rano Karno meraih 49,49 persen dalam hitung cepat (quick count) Litbang Kompas dengan data masuk mencapai 100 persen, Rabu (27/11/2024) pukul 18.18 WIB.Sementara itu, pasangan cagub-cawagub Jakarta nomor urut 1, Ridwan Kamil-Suswono, mendapatkan 40,02 persen suara.Kemudian, pasangan cagub-cawagub Jakarta nomor urut 2, Dharma Pongrekun-Kun Wardana mendapatkan 10,49 persen suara.Baca juga: Basri Baco Bantah Mardani Ali Sera soal PKS Tak Maksimal Dukung Ridwan Kamil-SuswonoPerolehan suara tersebut didapat dari penghitungan yang masuk total 400 TPS sampel di Jakarta.Quick count Litbang Kompas pada Pilkada Jakarta 2024 menggunakan metode sistematik random sampling dan memiliki sampling error sebesar persen ± 1 persen.Quick count ini dibiayai sepenuhnya oleh harian Kompas (PT Kompas Media Nusantara). Hasil quick count ini bukanlah hasil resmi.Hasil resmi akan diumumkan oleh Komisi Pemilihan Umum (KPU) setelah melakukan rekapitulasi suara secara berjenjang dari Kamis (28/11/ 2024) hingga Senin (16/12/2024).",0
"Mensesneg Prasetyo Hadi Lantik 25 Pejabat Baru di Kemensetneg, Ini Daftarnya",https://nasional.kompas.com/read/2024/11/29/11535061/mensesneg-prasetyo-hadi-lantik-25-pejabat-baru-di-kemensetneg-ini-daftarnya,2024-11-29,"JAKARTA, KOMPAS.com - Menteri Sekretaris Negara (Mensesneg) Prasetyo Hadi melantik 25 pejabat di lingkungan Kementerian Sekretariat Negara (Kemensetneg) pada Jumat (29/11/2024).Pelantikan ini mencakup berbagai posisi, mulai dari deputi hingga Sekretaris Presiden dan Sekretaris Militer Presiden.Baca juga: Mensesneg Lantik 25 Pejabat Kemensetneg, Ada Sekretaris Presiden hingga Sekretaris Militer PresidenDalam sambutannya, Prasetyo menjelaskan bahwa pelantikan dilakukan sebagai bagian dari penyesuaian dan peleburan fungsi di dalam pemerintahan.Salah satu perubahan signifikan adalah peleburan fungsi Sekretariat Kabinet (Setkab) yang kini berada di bawah Sekretariat Negara (Setneg).""Pelantikan hari ini dilakukan karena terdapat penyesuaian fungsi, peleburan fungsi Seskab di bawah Sekretariat Negara. Sehingga konsekuensinya terjadi rotasi dan penugasan,"" ungkap Prasetyo di Gedung Krida Bakti, Jakarta Pusat.Mensesneg menekankan bahwa rotasi dan pelantikan adalah hal yang biasa dalam lingkup Abdi Negara dan Aparatur Sipil Negara (ASN).Menurutnya, langkah ini merupakan bagian dari pengembangan karier, penyegaran, serta peningkatan kompetensi.""Kita ingin terus meningkatkan kompetensi dan profesionalisme kita,"" tuturnya.Baca juga: Heru Budi Hartono Dilantik Jadi Staf Khusus Mensesneg Prasetyo HadiBerikut ini daftar 25 pejabat yang dilantik pagi ini oleh Mensesneg1. Setya Utama, Sekretaris Kementerian Sekretariat Negara;2. Mayjen TNI Ariyo Windutomo, Sekretaris Presiden, Kementerian Sekretariat Negara;3. Mayjen TNI Kosasih, Sekretaris Militer Presiden, Kementerian Sekretariat Negara;4. Yuli Harsono, Sekretaris Dukungan Kabinet, Kementerian Sekretariat Negara;5. Rika Kiswardani, Deputi Bidang Administrasi dan Pengelolaan Istana, Sekretariat Presiden, Kementerian Sekretariat Negara;6. Mohamad Yusuf Permana, Deputi Bidang Protokol, Pers, dan Media, Sekretariat Presiden, Kementerian Sekretariat Negara;",0
Kementerian Transmigrasi dan LPDP Siapkan Beasiswa Patriot untuk Anak Muda,https://nasional.kompas.com/read/2024/11/29/11454091/kementerian-transmigrasi-dan-lpdp-siapkan-beasiswa-patriot-untuk-anak-muda,2024-11-29,"KOMPAS.com - Negara akan memfasilitasi anak-anak muda yang ingin kuliah di perguruan-perguruan tinggi terkemuka di dalam dan luar negeri melalui Beasiswa Patriot.Fasilitas itu merupakan kesepakatan Kementerian Transmigrasi dan Lembaga Pengelola Dana Pendidikan (LPDP) dalam pertemuan di Jakarta, Kamis (28/11/2024).Menteri Transmigrasi M Iftitah Sulaiman mengatakan, penerima Beasiswa Patriot adalah anak-anak muda bangsa terpilih yang sudah disiapkan mental, intelektual, dan fisiknya. “Setelah lulus, mereka akan ditempatkan di kawasan-kawasan transmigrasi sebagai motor penggerak,"" katanya dalam siran pers.Iftitah menjelaskan, anak-anak muda yang ingin dapat Beasiswa Patriot akan diseleksi. “Para penerima beasiswa harus memiliki karakter patriot, yaitu berani dan rela berkorban untuk bangsa dan negara,"" ujarnya.Setelah lulus seleksi karakter, calon penerima akan mengikuti pendidikan sebagai komponen cadangan (komcad) selama satu setengah bulan. Baca juga: Pemerintah Siapkan Beasiswa untuk Masyarakat yang Mau TransmigrasiKemudian, mereka menjalani materikulasi di kawasan-kawasan transmigrasi selama tiga bulan. Warga transmigran akan menjadi orang tua asuh mereka.""Setelah itu, barulah mereka diberangkatkan ke universitas-universitas pilihan di dalam maupun di luar negeri, baik untuk program master dan doktoral,"" tegasnya.Gagasan tersebut disambut baik jajaran pimpinan LPDP.""Semoga LPDP bisa men-support program Kementerian Transmigrasi ini,"" kata Direktur Utama LPDP Andin Hadiyanto.LPDP akan menyosialisasikan program itu kepada para peserta program LPDP yang ada sekarang dengan tawaran yang sifatnya opsional.Para alumni beasiswa LPDP juga akan ditawarkan kesempatan untuk berkarya di kawasan-kawasan transmigrasi.Silaturahmi Menteri Transmigrasi dan rombongan dengan jajaran pimpinan LPDP itu merupakan kelanjutan rangkaian silaturahmi dengan pimpinan sejumlah kementerian dan lembaga negara. Baca juga: Terima Pin PATRI, Menteri Transmigrasi Ajak Transmigran Sukseskan Program-program KementerianSelain menambah masukan dan bertukar pikiran, rangkaian kunjungan itu merupakan upaya memperkuat sinergitas lintas kementerian dan lembaga negara sesuai amanat Peraturan Presiden (Perpres) No 50/Tahun 2018.",0
"Pelantikan Pejabat Baru, Mensesneg Prasetyo Hadi Berharap Adaptasi Cepat",https://nasional.kompas.com/read/2024/11/29/11441801/pelantikan-pejabat-baru-mensesneg-prasetyo-hadi-berharap-adaptasi-cepat,2024-11-29,"JAKARTA, KOMPAS.com - Menteri Sekretaris Negara (Mensesneg) Prasetyo Hadi berharap 25 pejabat yang dilantik pada pagi ini dapat segera beradaptasi dengan tugas dan tanggung jawab baru mereka.Di antara pejabat yang dilantik adalah Mayjen Ariyo Windutomo yang menjabat sebagai Kepala Sekretariat Presiden (Kasetpres) dan Heru Budi Hartono sebagai Staf Khusus Mensesneg.""Kami berharap dengan terjadinya pergeseran ini, masing-masing segera bisa beradaptasi dan berinovasi,"" kata Prasetyo di Gedung Krida Bakti, Jakarta Pusat, pada Jumat (29/11/2024).Baca juga: Mensesneg Lantik 25 Pejabat Kemensetneg, Ada Kasetpres hingga Staf KhususDalam acara pelantikan tersebut, Heru Budi Hartono juga menekankan bahwa Kementerian Sekretariat Negara merupakan benteng terakhir dari keputusan Presiden Prabowo Subianto.Oleh karena itu, ia menegaskan pentingnya akurasi dalam pelaksanaan tugas.""Di sini tidak boleh ada kesalahan sedikit pun,"" ungkapnya.Baca juga: Heru Budi Hartono Dilantik Jadi Staf Khusus Mensesneg Prasetyo HadiHeru juga menyoroti pentingnya efisiensi dan komitmen pemerintah dalam memberantas korupsi.""Saya memberikan penekanan terhadap masalah efisiensi, bagaimana kita juga berkomitmen untuk memberantas korupsi, sebagaimana komitmen Bapak Presiden yang harus kita mulai. Kementerian Sekretariat Negara harus menjadi contoh,"" jelasnya.Sebagai informasi, pelantikan 25 pejabat tersebut berlangsung di Gedung Krida Bakti pada Jumat pagi dan telah dikonfirmasi oleh Kepala Kantor Komunikasi Kepresidenan/PCO, Hasan Nasbi.""Pagi ini dilantik. Dilantik oleh Mensesneg,"" kata Hasan kepada wartawan.",0
"Tom Lembong Tersangka, Anies: Semoga Bukan Tumbal Politik",https://megapolitan.kompas.com/read/2024/11/29/11385081/tom-lembong-tersangka-anies-semoga-bukan-tumbal-politik,2024-11-29,"JAKARTA, KOMPAS.com - Gubernur Jakarta periode 2017-2022 Anies Baswedan khawatir sahabatnya sekaligus mantan Menteri Perdagangan Tom Lembong dijadikan ""tumbal politik"" sehingga menjadi tersangka kasus dugaan impor gula.Bagi Anies, Tom Lembong adalah sosok yang sangat mencintai Indonesia. Oleh karenanya, Anies yakin sahabatnya itu tidak akan membuat masalah hukum.""Semoga ini bukan tumbal politik. Tom adalah sosok yang mencintai Indonesia. Apa yang dikerjakannya selalu untuk Indonesia, baik di dalam negeri maupun di luar negeri,"" ujar Anies dalam program Rosi Kompas TV, dikutip Jumat (29/11/2024).Baca juga: Anies Yakin Pramono-Rano Kalahkan RK-Suswono dalam Satu PutaranAnies yang sudah berteman dengan Tom sejak 20 tahun lalu itu sangat yakin sahabatnya tidak terlibat dalam kasus hukum tersebut.Menurut Anies, banyak orang mengenal Tom Lembong berpendapat sama, bahwa Tom adalah pribadi yang memiliki komitmen kuat terhadap nilai-nilai yang mereka perjuangkan bersama.""Saya berani bersaksi tentang integritasnya Tom Lembong. Saya yakin begitu banyak yang berinteraksi dengan Tom Lembong merasakan itu,"" kata dia.Anies menambahkan, persoalan hukum yang dihadapi Tom Lembong harus dilihat dalam konteks yang lebih luas.Dia mengkritik proses yang seolah-olah menunjukkan bahwa perbedaan pendapat dalam politik dapat berujung pada kriminalisasi atau kesulitan administratif yang disengaja.“Kalau kontestan yang berbeda pendapat kemudian dikriminalisasi atau dipersulit dalam administrasi pemerintahan, maka itu akan merusak demokrasi,” jelas dia.Oleh sebab itu, Anies berharap agar kasus hukum yang melibatkan Tom Lembong berujung keadilan dan tidak digunakan untuk tujuan politik tertentu.Baca juga: Anies Merasa Punya Tanggung Jawab Moral atas Kasus Hukum Tom LembongAdapun permohonan praperadilan mantan Menteri Perdagangan Thomas Trikasih Lembong ditolak dalam sidang pembacaan putusan praperadilan atas kasus dugaan tindak pidana korupsi kebijakan impor gula tahun 2015-2016.“Menolak tuntutan provisi yang diajukan pemohon, menolak eksepsi pemohon untuk seluruhkan, menolak praperadilan pemohon untuk seluruhnya. Demikian diputuskan Selasa, 26 November 2024,"" kata hakim tunggal Tumpanuli Marbun dalam sidang di Pengadilan Negeri (PN) Jakarta Selatan, Selasa (26/11/2024).Dengan putusan ini, penetapan tersangka Tom yang sebelumnya digugat tetap sah.",0
"Kenaikan PPN 12 Persen Belum Pasti, Istana: Masih Dihitung",https://nasional.kompas.com/read/2024/11/29/11381961/kenaikan-ppn-12-persen-belum-pasti-istana-masih-dihitung,2024-11-29,"JAKARTA, KOMPAS.com - Istana Kepresidenan buka suara mengenai rencana kenaikan Pajak Pertambahan Nilai (PPN) 12 persen.Menteri Sekretaris Negara (Mensesneg) Prasetyo Hadi memberi sinyal bahwa kenaikan PPN 12 persen belum pasti akan berlaku mulai 1 januari 2025 mendatang. Sebab, pemerintah hingga kini masih menghitung dan mengkaji dampak dari kebijakan itu.""(Kenaikan PPN 12 persen) tunggu tanda lumayannya juga. Lagi dihitung, lagi dihitung,"" kata Prasetyo di Gedung Krida Bakti, Jakarta Pusat, Jumat (29/11/2024).  Baca juga: Beda Suara Airlangga dan Luhut soal Penundaan PPN 12 PersenBerdasarkan ketentuan Undang-Undang Nomor 7 Tahun 2021 tentang Harmonisasi Peraturan Perpajakan (HPP), kenaikan tarif PPN dari 11 persen menjadi 12 persen seharusnya dilakukan pada 1 Januari 2025.Namun, Ketua Dewan Ekonomi Nasional (DEN) Luhut Binsar Pandjaitan menyebutkan, penerapan kenaikan tarif PPN berpotensi diundur pelaksanaannya. ""Hampir pasti (kenaikan tarif PPN) diundur,"" ujar Luhut, ditemui di Jakarta, Rabu (27/11/2024). Luhut menjelaskan, opsi diundurnya kenaikan tarif PPN menjadi terbuka seiring dengan rencana pemerintah untuk memberikan bantuan sosial (bansos) kepada masyarakat kelas menengah.Baca juga: DPR Tunggu Pemerintah soal Kepastian PPN 12 Persen pada Januari 2025 Menurutnya, pemerintah perlu terlebih dahulu memberikan insentif kepada kelas menengah untuk menjaga daya belinya sebelum kebijakan kenaikan tarif PPN diberlakukan. ""PPN 12 itu sebelum itu jadi, harus diberikan dulu stimulus kepada rakyat yang ekonominya susah,"" kata dia.Meski sudah diatur dalam UU, namun kenaikan PPN 12 persen memungkinkan jika mendapat persetujuan DPR.",0
Anies Yakin Pramono-Rano Kalahkan RK-Suswono dalam Satu Putaran,https://megapolitan.kompas.com/read/2024/11/29/11353691/anies-yakin-pramono-rano-kalahkan-rk-suswono-dalam-satu-putaran,2024-11-29,"JAKARTA, KOMPAS.com - Mantan gubernur Jakarta Anies Baswedan meyakini, pasangan calon gubernur dan wakil gubernur Jakarta, Pramono Anung-Rano Karno bisa mengalahkan pasangan Ridwan Kamil-Suswono pada Pilkada Jakarta 2024 dalam satu putaran.Keyakinan Anies ini berangkat dari hasil real count Komisi Pemilihan Umum (KPU) Jakarta yang menunjukkan pasangan Pramono-Rano meraih 50,7 persen suara di Pilkada Jakarta 2024.""Saya yakin dengan angka 50,7 persen (menang satu putaran), itu 100 persen di KPU,"" ujar Anies dalam program Rosi di Kompas TV, dikutip Jumat (29/11/2024).Baca juga: Dukung Pramono-Rano di Pilkada Jakarta, Anies: Ini Bukan Rekayasa, tapi Karunia TuhanAnies mengatakan, sangat percaya dengan data real count KPU terkait hasil Pilkada Jakarta 2024.""Masa saya enggak percaya sama KPU. Masa saya bilang, 'woi KPU, kelihatannya angka Anda enggak benar', enggak dong. Saya percaya dengan KPU. KPU-nya bilang 50,7 persen tabulasi dia, ya itu yang kita percayai,"" kata Anies.Anies mengatakan, hasil suara dari sekitar 14.000 tempat pemungutan suara (TPS) di Jakarta sudah tertabulasi.Jika sudah tertabulasi 100 persen, hasil real count yang diraih Pramono-Rano hampir sulit berubah.""14.000 TPS dalam waktu 24 jam sudah ditabulasi, karena ini Jakarta yang akses informasinya begitu cepat. Jadi, kalau sudah terhitung seperti sekarang, 50,7 persen, ya 50,7 persen mau diapain lagi,"" ungkap Anies.Data real count itu kian sulit berubah apabila masyarakat turut mengawasi tahapan penghitungan suara. Pengawasan dari masyarakat dianggap bisa mempersempit ruang intervensi.Baca juga: Turun Gunung di Pilkada Jakarta, Anies Bantah Ingin Ambil Panggung Pramono-Rano""Mungkin kita punya pengalaman di berbagai tempat ada intervensi, ya diawasi saja ini. Kalau ini diawasi, seharusnya ini enggak berubah. Toh ini sudah real count, bukan,"" pungkas dia.Diberitakan sebelumnya, Pramono mengatakan, mereka telah memperoleh hasil real count Pilkada Jakarta 2024 dari KPU Jakarta.Berdasarkan data yang mereka punya, pasangan Pramono-Rano meraih 50,7 persen suara.Pramono-Rano memperoleh suara sebesar 2.183.577 pada Pilkada Jakarta 2024. Perolehan suara itu berasal dari seluruh TPS yang ada di Jakarta.""Hasil real Alhamdulillah, bersih hasil C1 KWK per saat ini, pagi ini, yang kami punya 28 November 2024 telah mencapai 100 persen TPS di seluruh daerah pemilihan Jakarta,"" kata Pramono.Baca juga: Anies Sebut Pilkada Jakarta Sulit Dicurangi",0
"MK Kembali Kabulkan Gugatan UU Cipta Kerja, Kini Terkait Rencana Umum Ketenagalistrikan Nasional",https://nasional.kompas.com/read/2024/11/29/11300921/mk-kembali-kabulkan-gugatan-uu-cipta-kerja-kini-terkait-rencana-umum,2024-11-29,"JAKARTA, KOMPAS.com - Mahkamah Konstitusi (MK) mengabulkan gugatan Undang-Undang Cipta Kerja Nomor 6 Tahun 2024 yang kini berkaitan dengan Rencana Umum Ketenagalistrikan Nasional.""Mengabulkan permohonan para pemohon untuk sebagian,"" ujar Ketua MK, Suhartoyo dalam sidang putusan Nomor 39/PUU-XXI/2023 yang digelar, Jumat (29/11/2024)Dalam putusan, Suhartoyo mengatakan, Pasal 7 Ayat 1 dalam Pasal 42 angka 5 Lampiran UU Nomor 6 Tahun 2023 tentang Penetapan Peraturan Pemerintah Pengganti Undang-Undang Nomor 2 Tahun 2022 tentang Cipta Kerja Menjadi Undang-Undang, bertentangan dengan Undang-Undang Dasar 1945 dan tidak memiliki kekuatan hukum mengikatPasal ini bertentangan dan tidak mengikat sepanjang tidak dimaknai ""Rencana Umum Ketenagalistrikan Nasional disusun berdasarkan kebijakan energi nasional dan ditetapkan leh Pemerintah Pusat setelah mendapat pertimbangan DPR RI"".Baca juga: Depok dan 4 Daerah Lainnya Bakal Gugat Hasil Pilkada 2024 ke MKMK juga menyatakan kata ""dapat"" pada norma Pasal 10 ayat 2 UU Cipta Kerja Pasal 42 angka 5 Lampiran UU Nomor 6 Tahun 2023 tentang Penetapan Peraturan Pemerintah Pengganti Undang-Undang Nomor 2 Tahun 2022 tentang Cipta Kerja Menjadi Undang-Undang, bertentangan dengan Undang-Undang Dasar 1945 dan tidak memiliki kekuatan hukum mengikat.Adapun permohonan ini diajukan oleh berbagai serikat pekerja yang bekerja di bidang energi.Mereka merasa pasal tersebut merugikan konstitusionalitas mereka karena perbedaan perlakuan tarif antar daerah dan potensi diberlakukannya tarif listrik yang disamakan dengan konsep bisnis.Hal ini dinilai membuat usaha penyediaan listrik tak lagi di bawah penguasaan negara sebagaimana amanat Pasal 33 UUD 1945, sehingga tidak dapat terpenuhi kebutuhan listrik sebagai kebutuhan dasar.Sebab itu, mereka meminta agar pasal yang mengancam penguasaan negara atas penyediaan listrik ini dibatalkan MK.",0
MK Minta KPK Tak Sungkan Usut Korupsi yang Dilakukan Orang yang Tunduk Pada Peradilan Militer,https://nasional.kompas.com/read/2024/11/29/11294911/mk-minta-kpk-tak-sungkan-usut-korupsi-yang-dilakukan-orang-yang-tunduk-pada,2024-11-29,"JAKARTA, KOMPAS.com - Hakim Konstitusi Arsul Sani meminta agar Komisi Pemberantasan Korupsi (KPK) tidak perlu sungkan mengusut kasus korupsi yang dilakukan oleh orang yang tunduk pada peradilan militer.Hal ini disampaikan Arsul saat membacakan pertimbangan putusan perkara nomor 87/PUU.XXI/2023, Jumat (29/11/2024).""Dalam hal ini, penegak hukum tindak pidana korupsi seharusnya mengesampingkan daya sungkan atau ""ewuh pekewuh"" terutama untuk hal-hal yang sudah diatur secara tegas dalam peraturan perundang-undangan,"" kata Arsul.Dalam perkara ini diketahui pasal yang digugat adalah Pasal 42 UU 30/2002 tentang KPK.Baca juga: MK: Tak Ada Kewajiban KPK Serahkan Perkara Korupsi ke Peradilan MiliterPasal ini menjelaskan kewenangan KPK yang bisa melakukan penyelidikan, penyidikan, dan penuntutan kepada orang-orang yang terlibat korupsi baik yang tunduk pada peradilan umum maupun pada peradilan militer.""Sekalipun KPK merupakan lembaga yang lahir pada era setelah reformasi dibandingkan kepolisian, kejaksaan dan TNI yang merupakan instansi/lembaga yang telah jauh lebih dulu dibentuk sebelum adanya KPK. Namun dalam hal ini ketentuan Pasal 42 UU 30/2002 telah mengatur dan menempatkan KPK menjadi instansi yang diberi kewenangan untuk menjalankan koordinasi dan pengendalian penyelidikan, penyidikan, dan penuntutan tindak pidana korupsi yang dilakukan bersama-sama oleh orang yang tunduk pada peradilan militer dan peradilan umum,"" kata Arsul.Dalam kesempatan yang sama, Hakim Ketua Suhartoyo menegaskan tak ada kewajiban KPK menyerahkan kasus korupsi pada Oditur atau Peradilan Militer jika kasus tersebut dimulai oleh KPK.Baca juga: MK Kabulkan Sebagian Gugatan Kewenangan KPK Kendalikan Penyidikan untuk Orang yang Tunduk Pada Peradilan MiliterArtinya, sepanjang KPK menangani sejak awal perkara korupsi yang dilakukan bersama-sama oleh orang yang tunduk pada peradilan umum dan orang yang tunduk pada peradilan militer, maka perkara tersebut ditangani oleh KPK sampai adanya putusan pengadilan yang mempunyai kekuatan hukum tetap.""Sebaliknya, terhadap perkara tindak idana korupsi yang dilakukan oleh orang yang tunduk pada peradilan militer yang dimulai penanganannya oleh lembaga penegak hukum selain KPK maka tidak ada kewajiban bagi lembaga hukum lain tersebut untuk melimpahkannya kepada KPK,"" imbuh dia.Dalam perkara ini, MK mengabulkan sebagian permohonan pemohon.Dalam putusan itu, Suhartoyo menyatakan Pasal 42 Undang-Undang Nomor 30 Tahun 2002 tentang KPK yang menyatakan KPK berwenang mengkoordinasikan an mengendalikan penyelidikan, penyidikan, dan penuntutan tindak pidana korupsi yang dilakukan bersama-sama oleh orang yang tunduk pada peradilan militer dan peradilan umum bertentangan dengan UUD 1945 dan tidak memiliki kekuatan hukum mengikat secara bersyarat.Syarat yang dimaksud sepanjang Pasal tersebut tidak dimaknai ""Komisi berwenang mengkoordinasikan dan mengendalikan penyelidikan, penyidikan, dan penuntutan tindak pidana korupsi yang dilakukan bersama-sama oleh orang yang tunduk pada peradilan militer dan peradilan umum sepanjang perkara dimaksud proses penegakan hukumnya ditangani sejak awal dimulai/ditemukan oleh Komisi Pemberantasan Korupsi"".Gugatan ini dilayangkan oleh seorang advokat Gugum Ridho Putra yang menggugat frasa ""mengkoordinasikan dan mengendalikan"" dalam Pasal 42 UU 30/2002 tentang KPK.Dalam petitumnya, pemohon meminta agar frasa tersebut dimaknai KPK memiliki kewajiban melakukan koordinasi dan mengendalikan kasus korupsi yang tunduk pada peradilan militer.",0
"Bawaslu Ingatkan Rekapitulasi Pilkada Jakarta Harus Terbuka, Manipulasi Suara adalah Kejahatan",https://megapolitan.kompas.com/read/2024/11/29/11262211/bawaslu-ingatkan-rekapitulasi-pilkada-jakarta-harus-terbuka-manipulasi,2024-11-29,"JAKARTA, KOMPAS.com – Badan Pengawas Pemilu (Bawaslu) DKI Jakarta melakukan pengawasan ketat terhadap proses rekapitulasi suara di tingkat Panitia Pemilihan Kecamatan (PPK) pada Pilkada 2024.Koordinator Divisi Penanganan Pelanggaran Bawaslu DKI Jakarta, Benny Sabdo, menegaskan pentingnya menjaga kejujuran dalam setiap tahapan rekapitulasi suara.""Memanipulasi suara rakyat adalah kejahatan demokrasi. Karena itu, Panwas Kecamatan dan Panwas Kelurahan melakukan pengawasan langsung atas rekapitulasi suara yang dilaksanakan oleh PPK,"" ujar Benny Sabdo kepada Kompas.com, Jumat (29/11/2024).Bawaslu Jakarta berkomitmen memastikan proses rekapitulasi berjalan secara terbuka, jujur, dan sesuai hukum.Benny menekankan pentingnya keterlibatan masyarakat dalam mengawasi jalannya proses demokrasi ini.""Rekapitulasi suara harus dilaksanakan secara terbuka, jujur, dan berkepastian hukum agar kemungkinan adanya pelanggaran, penyimpangan, atau kesalahan oleh PPK dapat dicegah,"" ucap Benny.Baca juga: Bawaslu Jakarta Patroli ke Gang dan Kampung Cegah Politik Uang pada Masa TenangBenny juga mengajak masyarakat untuk turut mengawasi proses rekapitulasi suara secara berjenjang, mengingat Pilkada adalah wujud nyata pelaksanaan kedaulatan rakyat.""Pilkada adalah pelaksanaan kedaulatan rakyat. Suara kita adalah masa depan Jakarta. Karena itu, Bawaslu DKI mengajak seluruh rakyat Jakarta ikut serta mengawasi proses rekapitulasi suara ini,"" tegasnya.Dengan pengawasan melekat dari Bawaslu dan partisipasi aktif masyarakat, diharapkan Pilkada 2024 dapat berjalan lancar dan menjaga integritas suara rakyat.Diberitakan sebelumnya, Ketua Divisi Data dan Informasi Komisi Pemilihan Umum (KPU) Jakarta Fahmi Zikrillah menyampaikan, hasil rekapitulasi suara cagub-cawagub dari TPS wilayah Jakarta telah masuk 100 persen ke data Sirekap.""Perhitungan suara dan alhamdulillah seluruh TPS se-DKI Jakarta sudah selesai mengunggah foto (formulir) C atau hasil rekapitulasi 100 persen,"" ujar Fahmi saat konferensi pers di Kantor KPU Jakarta, Salemba, Jakarta Pusat, Kamis (28/11/2024).Baca juga: Hasil hitung Suara TPS Se-Jakarta Masuk 100 Persen, Real Count DimulaiMasyarakat bisa memantau sendiri hasil perhitungan suara tiga paslon cagub-cawagub melalui laman pilkada2024.kpu.co.id dengan tujuan agar menjaga integritas.Fahmi berharap dengan keterbukaan laman perhitungan suara itu, KPU dapat menjaga keterbukaan dan menghindari kecurangan.""Kerja kami dapat dipantau secara umum sehingga tidak ada manipulasi pada proses rekapitulasi suara,"" ucap dia.",0
Anies Merasa Punya Tanggung Jawab Moral atas Kasus Hukum Tom Lembong,https://megapolitan.kompas.com/read/2024/11/29/11225601/anies-merasa-punya-tanggung-jawab-moral-atas-kasus-hukum-tom-lembong,2024-11-29,"JAKARTA, KOMPAS.com - Gubernur Jakarta periode 2017-2022 Anies Baswedan mengaku merasa punya tanggung jawab moral terkait kasus hukum yang melibatkan sahabatnya, Tom Lembong.Pasalnya, Anies sudah berteman dengan Tom sejak 20 tahun lalu. Pada Pemilu Presiden (Pilpres) 2024, Tom juga berperan sebagai co-captain Tim Nasional Pemenangan Anies Baswedan-Muhaimin Iskandar (Timnas Amin).Baca juga: Ditanya Apakah Khawatir Nasibnya seperti Tom Lembong, Anies: Semoga Pak Prabowo Adil“Tentu itu punya beban tanggung jawab moral. Oleh karena itu saya mengikuti setiap fase persidangannya,"" ujar Anies dalam program Rosi di Kompas TV, dikutip Jumat (29/11/2024).Anies mengatakan, banyak yang tidak mengetahui proses hukum yang dijalani Tom, termasuk pemeriksaan yang dinilai janggal. Bahkan, dia menyebut pemeriksaan itu dilakukan dengan tujuan tertentu.""Jadi yang dialami Pak Tom itu banyak yang tidak terlihat publik. Yang diperiksa pajaknya, yang biasanya punya unit usaha lebih dari 20, biasanya hanya diambil sampel, ini semuanya diperiksa dengan tujuan tertentu,"" kata Anies.""Pemeriksaan begitu lengkap, semua banyak sekali. Bukan hanya itu, saya bisa sebutkan semua, tapi kami memilih untuk diam saja,"" sambung dia.Oleh sebab itu, Anies berjanji akan terus mendampingi Tom Lembong hingga permasalahan ini tuntas.""Karena itulah saya dan kita semua berjanji mendampingi proses ini sampai Insya Allah keadilan ditemukan di ujungnya,"" jelas dia.Baca juga: Anies Bicara Soal Mitos Petahana yang Selalu Gagal di Putaran Kedua Pilkada JakartaAdapun permohonan praperadilan mantan Menteri Perdagangan Thomas Trikasih Lembong ditolak dalam sidang pembacaan putusan praperadilan atas kasus dugaan tindak pidana korupsi kebijakan impor gula tahun 2015-2016.“Menolak tuntutan provisi yang diajukan pemohon, menolak eksepsi pemohon untuk seluruhkan, menolak praperadilan pemohon untuk seluruhnya. Demikian diputuskan Selasa, 26 November 2024,"" kata hakim tunggal Tumpanuli Marbun dalam sidang di Pengadilan Negeri (PN) Jakarta Selatan, Selasa (26/11/2024).Dengan putusan ini, penetapan tersangka Tom yang sebelumnya digugat tetap sah.",0
MK: Tak Ada Kewajiban KPK Serahkan Perkara Korupsi ke Peradilan Militer,https://nasional.kompas.com/read/2024/11/29/11190421/mk-tak-ada-kewajiban-kpk-serahkan-perkara-korupsi-ke-peradilan-militer,2024-11-29,"JAKARTA, KOMPAS.com - Mahkamah Konstitusi (MK) menyatakan, tak ada kewajiban Komisi Pemberantasan Korupsi (KPK) menyerahkan perkara korupsi yang melibatkan oknum TNI kepada Oditurat Peradilan Militer. Hal itu disampaikan Ketua MK dalam pertimbangan putusan perkara nomor 87/PUU-XXI/2023 yang digelar Jumat (29/11/2024). ""Oleh karena itu, terhadap hal demikian tidak terdapat kewajiban bagi KPK untuk menyerahkan perkara tindak pidana korupsi tersebut kepada Oditurat dan Peradilan Militer,"" kata Suhartoyo. Dia juga mengatakan, MK memiliki kewajiban penegasan agar ada kepastian hukum dalam pasal tersebut. ""Demi kepastian hukum menurut Mahkamah, Pasal 42 UU 30/2002 harus dipahami sebagai ketentuan yang memberikan kewenangan kepada KPK untuk melakukan penyelidikan, penyidikan, dan penuntutan perkara tindak pidana korupsi sepanjang perkara dimaksud ditemukan/dimulai oleh KPK,"" kata Suhartoyo.Baca juga: MK Kabulkan Sebagian Gugatan Kewenangan KPK Kendalikan Penyidikan untuk Orang yang Tunduk Pada Peradilan Militer Artinya, sepanjang tindak pidana korupsi yang dilakukan bersama-sama oleh orang yang tunduk oleh peradilan umum dan orang yang tunduk pada peradilan militer yang penanganannya sejak awal dilakukan oleh KPK, maka perkara tersebut ditangani oleh KPK sampai adanya putusan pengadilan yang mempunyai kekuatan hukum tetap. ""Sebaliknya, terhadap perkara tindak pidana korupsi yang dilakukan oleh orang yang tunduk pada peradilan militer yang dimulai penanganannya oleh lembaga penegak hukum selain KPK, maka tidak ada kewajiban bagi lembaga hukum lain tersebut untuk melimpahkannya kepada KPK,"" imbuh dia. Dalam perkara ini, MK mengabulkan sebagian permohonan pemohon.Suhartoyo menyatakan Pasal 42 Undang-Undang Nomor 30 Tahun 2002 tentang KPK yang menyatakan KPK berwenang mengkoordinasikan an mengendalikan penyelidikan, penyidikan, dan penuntutan tindak pidana korupsi yang dilakukan bersama-sama oleh orang yang tunduk pada peradilan militer dan peradilan umum bertentangan dengan UUD 1945 dan tidak memiliki kekuatan hukum mengikat secara bersyarat.Baca juga: Terbitkan Perppu Peradilan Militer Syarat yang dimaksud sepanjang Pasal tersebut tidak dimaknai ""Komisi berwenang mengkoordinasikan dan mengendalikan penyelidikan, penyidikan, dan penuntutan tindak pidana korupsi yang dilakukan bersama-sama oleh orang yang tunduk pada peradilan militer dan peradilan umum sepanjang perkara dimaksud proses penegakan hukumnya ditangani sejak awal dimulai/ditemukan oleh Komisi Pemberantasan Korupsi"". Gugatan ini dilayangkan oleh seorang advokat Gugum Ridho Putra yang menggugat frasa ""mengkoordinasikan dan mengendalikan"" dalam Pasal 42 UU 30/2002 tentang KPK. Dalam petitumnya, pemohon meminta agar frasa tersebut dimaknai KPK memiliki kewajiban melakukan koordinasi dan mengendalikan kasus korupsi yang tunduk pada peradilan militer.",0
"Prabowo Umumkan Akan Naikkan Gaji Guru, Fahira Idris: Harus Disertai Pemerataan di Daerah Terpencil",https://nasional.kompas.com/read/2024/11/29/11184531/prabowo-umumkan-akan-naikkan-gaji-guru-fahira-idris-harus-disertai,2024-11-29,"KOMPAS.com — Anggota Dewan Perwakilan Daerah (DPD) Republik Indonesia (RI) daerah pemilihan (dapil) Daerah Khusus Ibu Kota (DKI) Jakarta Fahira Idris menyampaikan, kebijakan kenaikan gaji guru yang diumumkan Presiden Prabowo Subianto merupakan langkah progresif yang perlu diapresiasi.Menurutnya, kebijakan tersebut tidak hanya memperbaiki kesejahteraan guru, tetapi juga berkontribusi besar terhadap pembangunan pendidikan yang lebih berkualitas.“Saya sangat mengapresiasi kenaikan gaji guru, yang penting dipikirkan ke depan adalah bagaimana kesejahteraan guru bisa berkelanjutan,” katanya dalam keterangan tertulis, Jumat (29/11/2024).Fahira menambahkan bahwa kenaikan kesejahteraan guru akan berdampak kepada kualitas pembelajaran, sehingga akan tercipta suasana belajar yang kondusif dan inovatif.“Saya yakin dengan dukungan berkelanjutan dan pengelolaan yang tepat, kesejahteraan guru Indonesia akan semakin kuat sehingga bisa membawa bangsa ini lebih dekat pada cita-cita luhur mencerdaskan kehidupan bangsa,” imbuhnya.Baca juga: Fahira Idris: Gubernur Jakarta Terpilih Wajib Jadikan Warga Titik Sentral PembangunanKebijakan kenaikan gaji guru, lanjut dia, perlu diikuti langkah berkelanjutan agar kesejahteraan guru dapat berlangsung lebih lama.“Peningkatan kesejahteraan guru harus disertai dengan pemerataan, terutama untuk guru yang bertugas di daerah terpencil yang kerap menghadapi tantangan lebih besar dibandingkan tenaga pengajar di wilayah perkotaan,” paparnya.Selain itu, pemerintah juga perlu menguatkan sistem pelaksanaan kebijakan tersebut agar tepat sasaran, sehingga kebijakan kenaikan gaji guru dapat berlangsung merata.“Dengan langkah lanjutan yang terencana dan terarah, transformasi ini akan membawa Indonesia lebih dekat pada visi menjadi bangsa yang maju, berdaya saing tinggi, dan berkeadaban,” ujar Fahira.Baca juga: HGN 2024, Fahira Idris Ingatkan Pemerintah untuk Prioritaskan Kesejahteraan GuruPerlu diketahui, Presiden Prabowo telah mengumumkan kebijakan kenaikan gaji guru terhitung mulai 2025 dalam acara Puncak Peringatan Hari Guru di Velodrome Rawamangun, Jakarta Timur, Kamis (28/11/2024).Pemerintah juga telah meningkatkan anggaran untuk kesejahteraan guru yang berstatus aparatur sipil negara (ASN) dan pegawai pemerintah dengan perjanjian kerja (PPPK), serta guru non-ASN atau honorer.Selain kenaikan kenaikan gaji, pemerintah juga akan melaksanakan Program Pendidikan Profesi Guru (PPG) untuk 806.486 guru pada 2025.",0
MK Kabulkan Sebagian Gugatan Kewenangan KPK Kendalikan Penyidikan untuk Orang yang Tunduk Pada Peradilan Militer,https://nasional.kompas.com/read/2024/11/29/11144291/mk-kabulkan-sebagian-gugatan-kewenangan-kpk-kendalikan-penyidikan-untuk,2024-11-29,"JAKARTA, KOMPAS.com - Mahkamah Konstitusi (MK) mengabulkan gugatan perkara nomor 87/PUU-XXI/2023 yang meminta agar Komisi Pemberantasan Korupsi (KPK) berhak mengendalikan kasus korupsi di tubuh institusi militer.""Mengabulkan permohonan pemohon untuk sebagian,"" kata Ketua MK Suhartoyo dalam sidang yang digelar Jumat (29/11/2024).Dalam putusan itu, Suhartoyo menyatakan Pasal 42 Undang-Undang Nomor 30 Tahun 2002 tentang KPK yang menyatakan KPK berwenang mengkoordinasikan dan mengendalikan penyelidikan, penyidikan, dan penuntutan tindak pidana korupsi yang dilakukan bersama-sama oleh orang yang tunduk pada peradilan militer dan peradilan umum, bertentangan dengan UUD 1945 dan tidak memiliki kekuatan hukum mengikat secara bersyarat.Baca juga: DPR Bahas Putusan MK soal Pilkada Ulang Sebelum Rekapitulasi Suara 2024Syarat yang dimaksud sepanjang Pasal tersebut tidak dimaknai ""Komisi berwenang mengkoordinasikan dan mengendalikan penyelidikan, penyidikan, dan penuntutan tindak pidana korupsi yang dilakukan bersama-sama oleh orang yang tunduk pada peradilan militer dan peradilan umum sepanjang perkara dimaksud proses penegakan hukumnya ditangani sejak awal dimulai/ditemukan oleh Komisi Pemberantasan Korupsi"".Gugatan ini dilayangkan oleh seorang advokat Gugum Ridho Putra yang menggugat frasa ""mengkoordinasikan dan mengendalikan"" dalam Pasal 42 UU 30/2002 tentang KPK.Dalam petitumnya, pemohon meminta agar frasa tersebut dimaknai KPK memiliki kewajiban melakukan koordinasi dan mengendalikan kasus korupsi yang tunduk pada peradilan militer.",0
"Nasib Pilkada Jakarta Menggantung, Potensi Dua Putaran Dinilai Tipis",https://megapolitan.kompas.com/read/2024/11/29/11111171/nasib-pilkada-jakarta-menggantung-potensi-dua-putaran-dinilai-tipis,2024-11-29,"JAKARTA, KOMPAS.com - Direktur Eksekutif Trias Politika Strategis Agung Baskoro menilai, peluang terjadinya Pilkada Jakarta 2024 dua putaran sangatlah tipis.Pasalnya, menurut hasil hitung cepat atau quick count sejumlah lembaga, perolehan suara pasangan calon gubernur (cagub) dan calon wakil gubernur (cawagub) nomor urut 3, Pramono Anung-Rano Karno, melebihi 50 persen. ""Kalau dilihat, sebagian dari lembaga survei memang tipis. Jadi, potensi dua putaran tipis,"" ujar Agung saat diwawancarai Kompas.com, Kamis (28/11/2024).Baca juga: Anies Bicara Soal Mitos Petahana yang Selalu Gagal di Putaran Kedua Pilkada JakartaMenurut quick count Lembaga Survei Indonesia (LSI) misalnya, Pramono-Rano mendapat 50,10 persen suara. Sementara, paslon nomor urut 1 Ridwan Kamil-Suswono mendapat 39,29 persen, dan paslon nomor urut 2 Dharma Pongrekun-Kun Wardana memperoleh 10,61 persen.Lalu, menurut quick count Charta Politika, Pramono-Rano meraih 50,15 persen, Ridwan-Suswono 39,25 persen, sedangkan Dharma-Kun 10,60 persen. Namun, menurut quick count Litbang Kompas, Pramono-Rano memperoleh suara 49,49 persen, Ridwan-Suswono 40,02 persen, dan Dharma-Kun 10,49 persen.Tak berbeda jauh, quick count Indikator Politik Indonesia memperlihatkan, perolehan suara Pramono-Rano sebesar 49,87 persen, Ridwan-Suswono 39,53 persen, dan Dharma-Kun 10,61 persen.Agung bilang, untuk dinyatakan menang dalam satu putaran, paslon gubernur dan wakil gubernur Jakarta harus mendapat suara 50 persen plus satu.""Di Pilkada Jakarta ada aturan kan, jika tidak ada yang mencapai 50 persen plus satu, maka yang terjadi akan dua putaran,"" terang Agung.Baca juga: Turun Gunung di Pilkada Jakarta, Anies Bantah Ingin Ambil Panggung Pramono-RanoNamun, dengan beragamnya hasil quick count, belum bisa dipastikan apakah Pilkada Jakarta akan digelar satu atau dua putaran.""Saya tidak bisa menyimpulkan satu atau dua putaran karena masih di rentang margin of error. Tendensinya ada arah satu putaran, ada arah dua putaran, jadi tidak bisa disimplifikasikan salah satunya,"" terang Agung.Oleh sebab itu, Agung menyarankan publik bersabar menunggu hasil resmi pilkada dari Komisi Pemilihan Umum Daerah (KPUD) Jakarta.",0
