source,title,content
detik,"Polisi Tembak Polisi di Rumah Pejabat Polri, Brigadir J dari Propam Tewas","Jakarta - Seorang polisi Brigadir J tewas ditembak oleh polisi lainnya, Bharada E. Brigadir J merupakan personel yang bertugas di Propam Polri. Karo Penmas Divisi Humas Polri Brigjen Ahmad Ramadhan mengatakan peristiwa itu terjadi di Kompleks Polri Duren Tiga, Jakarta Selatan (Jaksel), Jumat (8/7/2022), pukul 17.00 WIB. ""Saat itu, saudara Brigadir J berada atau memasuk rumah salah satu pejabat Polri di perumahan dinas Duren Tiga, kemudian ada anggota lain atas nama Bharada E menegur dan saat itu yang bersangkutan mengacungkan senjata kemudian melakukan penembakan dan Bharada E itu menghindar dan membalas tembakan terhadap Brigadir J. Akibat penembakan yang dilakukan Bharada E itu mengakibatkan Brigadir J meninggal dunia,"" kata Ramadhan, Senin (11/7). Dia mengatakan kasus ini ditangani Propam Polri dan Polres Metro Jakarta Selatan. Motif penembakan masih didalami. Ramadhan juga ditanya apakah Brigadir J yang tewas merupakan ajudan dari Kadiv Propam Polri Irjen Ferdy Sambo. Ramadhan menyebut J merupakan personel yang bertugas di Bareskrim lalu membantu tugas di Propam. ""Ajudan atau siapa, yang jelas tadinya personel dari Bareskrim kemudian membantu tugas di Propam. Belum tahu apakah ajudan atau apa, tapi dia tugas di Propam,"" ucapnya. Dia mengatakan penembakan itu terjadi di dalam rumah. Dia mengatakan Bharada E telah diamankan. ""Di dalam,"" ucapnya. Jenazah Brigadir J telah dibawa ke keluarga di Jambi. Dia mengatakan Bharada E juga telah diamankan. ""Saat ini kasus sedang didalami, ditelusuri lebih jauh oleh Propam Mabes dan Polres Jakarta Selatan. Jenazah sudah dibawa ke keluarga di Jambi dan Bharada E telah diamankan untuk diproses lebih lanjut,"" ucapnya.  "
cnnindonesia,"Kronologi Polisi Tembak Polisi hingga Tewas di Rumah Pejabat Polri","Jakarta, CNN Indonesia -- Mabes Polri mengungkap kronologi tewasnya Brigadir J usai ditembak seorang anggota polisi lain Bhayangkara Dua (Bharada) E, di rumah Kadiv Propam Polri Irjen Ferdy Sambo, Jumat (8/7) lalu. Kepala Biro Penerangan Masyarakat Divisi Humas Polri Brigjen Ahmad Ramadhan mengatakan awalnya Brigadir J masuk kamar istri Ferdy Sambo dan diduga melakukan pelecehan. Menurut Ramadhan, istri Ferdy sempat berteriak hingga Bharada E mendengar teriakan tersebut. Ramadhan menyebut setelah teriakan istri Ferdy, Brigadir J panik dan keluar dari kamar hingga bertemu dengan Bharada E. Kemudian, Bharada E menanyakan apa yang terjadi di dalam dan dibalas dengan tembakan oleh Brigadir J. ""Nah di luar kamar itu kan teriak, setelah dengar teriakan, itu Bharada E itu dari atas, masih di atas itu bertanya 'ada apa bang?' tapi langsung disambut dengan tembakan yang dilakukan oleh Brigadir J gitu,"" katanya. Brigadir J disebut mengeluarkan tembakan sebanyak tujuh kali dan dibalas oleh Bharada E sebanyak lima kali. Setelah kejadian itu, istri Ferdy menelepon suaminya yang sedang melakukan tes PCR di luar rumah. ""Kemudian datang, setelah tiba dirumah pak Kadiv Propam [setelah] menerima telepon dari ibu, Pak Kadiv Propam langsung menelpon Polres Jaksel,"" ujarnya. Jenazah Brigadir J sudah dibawa ke Jambi untuk dimakamkan pada Sabtu 9 Juli. Roslin merasa janggal terhadap tewasnya Brigadir J lantaran alami luka sayatan di tubuh korban. ""Jadi yang malam itu dari keterangan kepolisian Jakarta menyampaikan bahwasanya di kediaman Bapak Irjen Ferdy Sambo itu ada adu tembak, jadi kami enggak puas, kalau ada adu tembak otomatis enggak ada ini ada luka sayatan,"" ujar Roslin.  "
ajnn,"Polisi Tembak Polisi, Brigadir J Tewas di Rumah Pejabat Polri","JAKARTA - Polisi Brigadir J tewas akibat tembakan polisi lainnya, Bharada E, di rumah dinas pejabat Polri, Duren Tiga, Jakarta Selatan. Karopenmas Divisi Humas Brigjen Ahmad Ramadhan mengakui kejadian itu berlangsung Jumat lalu (8/7) pukul 17.00. ""Adanya penambakan dimana peristiwa itu benar telah terjadi pada hari Jumat 8 Juli 2022. Kurang lebih jam 17 atau jam 5 sore,"" ujar Ramadhan, seperti dilansir CNN Indonesia, Senin (11/7). Ia menjabarkan kronologi kejadian itu bermula ketika Bharada E menegur Brigadir J yang memasuki rumah salah seorang pejabat Polri. Setelah ditegur, Brigadir J kemudian mengacungkan senjata dan melakukan penembakan. ""Bharada E itu menghindar dan membalas tembakan terhadap Brigadir J. Akibat penembakan yang dilakukan Bharada E itu mengakibatkan Brigadir J meninggal dunia,"" katanya. Saat ini, kasus sedang ditangani oleh Propam Polri dan Polres Metro Jakarta Selatan. Motif dan modus yang dilakukan Bharada E pun masih didalami. ""Yang jelas tadinya personel dari Bareskrim kemudian membantu tugas di Propam. Belum tahu apakah ajudan atau apa, tapi dia tugas di Propam,"" tegasnya.  "
Suratpemred,"Dor! Polisi Tembak Polisi di Rumah Dinas Pejabat Polri, Tubuh Brigadir Joshua Tertembus 4 Peluru","JAKARTA, SP – Peristiwa penembakan sesama anggota polisi kembali terjadi. Kali ini seorang polisi Brigadir polisi berinsial J tewas ditembak oleh polisi lainnya, Bharada E.Penambakan antar sesama anggota kepolisian ini dibenarkan oleh Markas Besar (Mabes) Polri. Diketahui anggota yang tewas tertembak bertugas di Propam Polri. ""Peristiwa itu benar telah terjadi pada hari Jumat, 8 Juni 2022 kurang lebih jam 17 atau jam 5 sore,"" kata Kepala Biro Penerangan Masyarakat (Karopenmas) Divisi Humas Polri Brigjen Pol Ahmad Ramadhan, di Mabes Polri, Jakarta, Senin (11/7).Ramadhan menjelaskan, peristiwa terjadi di rumah dinas pejabat Polri di kawasan Duren Tiga, Jakarta Selatan. Penembakan terjadi antara Brigadir J yang bertugas di Propam Polri, dengan anggota berinisial Bharada E yang juga berada di rumah dinas tersebut.""Peristiwa singkat saat itu Brigadir J berada atau memasuki rumah salah satu pejabat Polri di Perumahan Dinas Duren Tiga, kemudian ada anggota lain atas nama Bharada E menegur,"" kata Ramadhan.Saat itu, kata Ramadhan, Brigadir J mengacungkan senjata api dan melakukan penembakan, sehingga Bharada E mencoba menghindari tembakan dan membalas tembakan terhadap Brigadir J.""Penembakan yang dilakukan oleh Bharada E itu mengakibatkan Brigadir J meninggal dunia,"" ujarnya pula.Saat ini kasus tersebut tengah didalami dan ditelusuri oleh Propam Mabes Polri dan Polres Jakarta Selatan.Sementara itu, jenazah Brigadir J sudah dipulangkan ke kampung halamannya di Jambi untuk dimakamkan oleh pihak keluarga.""Jenazah sudah dibawa ke keluarganya di Jambi, dan Bharada E telah diamankan untuk diproses lebih lanjut,"" ujar Ramadhan.Tidak disebutkan berapa tembakan yang melukai Brigadir J, Propam Polri sedang mendalami kasus tersebut termasuk mencari tahu motifnya. Namun Mabes Polri menegaskan akan menindak tegas apabila terdapat unsur pidana dalam peristiwa tersebut. ""Ini sedang didalami motif dari melakukan penembakan ini. Yang jelas proses pidana sudah berjalan, kalau terbukti ditindak tegas,"" kata Ramadhan.Sementara Kapolres Metro Jakarta Selatan, Kombes Budhi Herdi Susianto mengatakan pihaknya telah memeriksa tiga orang saksi terkait insiden penembakan tersebut.""Saat ini yang sudah menyelesaikan BAP sebanyak 3 orang yang saat itu ada di TKP,"" ujar Budhi.Kini kasus tersebut ditangani oleh Propam Polres Metro Jakarta Selatan. Polisi masih terus melakukan penyelidikan terkait penembakan ini.""Penyidik Polres Metro Jaksel sudah menanganinya karena kan TKP masuk wilkum (wilayah hukum) Jaksel,"" ucap Budhi.  "
Indozone,"Fakta-fakta Polisi Adu Tembak di Rumah Petinggi Polri hingga Brigadir J Tewas","Peristiwa adu tembak antara anggota kepolisian terjadi di rumah petinggi Polri. Insiden itu menyebabkan seorang anggota Polri Tewas. Mabes Polri membenarkan kejadian tersebut. Berikut fakta-fakta peristiwa penembakan antaranggota Polri yang menewaskan salah satu anggota yang bertugas di Propam Polri. Terjadi di Rumah Petinggi Polri ""Peristiwa itu benar telah terjadi pada hari Jumat, 8 Juni 2022 kurang lebih jam 17 atau jam 5 sore,"" kata Kepala Biro Penerangan Masyarakat (Karopenmas) Divisi Humas Polri Brigjen Pol Ahmad Ramadhan, Senin (11/7/2022). Ramadhan menjelaskan, peristiwa terjadi di rumah dinas pejabat Polri di kawasan Duren Tiga, Jakarta Selatan. Sementara Indonesia Police Watch (IPW) mengungkapkan kasus baku tembak antar polisi terjadi di rumah Kadiv Propam Polri Irjen Pol Ferdy Sambo. ""Di rumah Kadiv Propam Irjen Ferdy Sambo,"" ungkap Sugeng. Berawal dari Teguran Penembakan terjadi antara Brigadir J yang bertugas di Propam Polri, dengan anggota berinisial Bharada E yang juga berada di rumah dinas tersebut. ""Peristiwa singkat saat itu Brigadir J berada atau memasuki rumah salah satu pejabat Polri di Perumahan Dinas Duren Tiga, kemudian ada anggota lain atas nama Bharada E menegur,"" kata Ramadhan. Brigadir J Tewas Saat itu, kata Ramadhan, Brigadir J mengacungkan senjata api dan melakukan penembakan, sehingga Bharada E mencoba menghindari tembakan dan membalas tembakan terhadap Brigadir J. ""Penembakan yang dilakukan oleh Bharada E itu mengakibatkan Brigadir J meninggal dunia,"" ujarnya pula. Jenazah Dibawa ke Jambi  Saat ini kasus tersebut tengah didalami dan ditelusuri oleh Propam Mabes Polri dan Polres Jakarta Selatan. Sementara itu, jenazah Brigadir J sudah dipulangkan ke kampung halamannya di Jambi untuk dimakamkan oleh pihak keluarga. ""Jenazah sudah dibawa ke keluarganya di Jambi, dan Bharada E telah diamankan untuk diproses lebih lanjut,"" ujar Ramadhan.  "
TribuJabar,"Polri Ungkap Penyebab 2 Polisi Baku Tembak di Rumah Jenderal, Seorang Polisi Meninggal, Satu Ditahan","TRIBUNJABAR.ID, JAKARTA - Penyebab meninggalnya Brigadir J yang mengalami luka tembak akhirnya terungkap. Brigadir J meninggal setelah baku tembak dengan anggota Polri lainnya Barada E. Kasus baku tembak dua anggota Polri ini masih didalami oleh Divisi Profesi dan Pengamanan (Propam) Polri bersama Kepolisian Resor (Polres) Jakarta Selatan. Diketahui peristiwa ini terjadi di rumah salah satu pejabat Mabes Polri, Jakarta. “Saat ini kasus sedang didalami, ditelusuri lebih jauh oleh Propam Mabes dan Polres Jakarta Selatan,” kata Kepala Biro Penerangan Masyarakat (Karo Penmas) Divisi Humas Polri Brigjen Pol Ahmad Ramadhan di Mabes Polri, Jakarta, Senin (11/7/2022). Ramadhan mengungkapkan kronologi singkat peristiwa itu. Dia mengatakan, peristiwa itu terjadi ketika Brigadir J masuk ke rumah salah satu pejabat Mabes Polri yang berlokasi di Kawasan Duren Tiga, Jakarta Selatan. Kemudian, tambah Ramadhan, anggota polisi lain yang sedang berjaga di situ, yakni Bharada E menegur Brigadir J. Selanjutnya, Brigadir J mengacungkan senjata, serta melakukan penembakan. Atas tindakan Brigadir J, Bharada E pun menghindar dan membalas tembakan terhadap Brigadir J. “Brigadir J melakukan penembakan yang bersangkutan ketika dia menanyakan mengapa dia di situ,” ucapnya. Kejadian penembakan itu pun mengakibatkan Brigadir J meninggal dunia. Jenazah Brigadir J juga sudah dipulangkan ke pihak keluarga di Jambi. Menurut Ramadhan, Brigadir J merupakan anggota polisi yang sedang diperbantukan di Divisi Profesi dan Pengamanan (Propam) Polri. “Yang jelas tadinya personel dari Bareskrim tapi kemudian diperbantukan di Propam, belum tahu apakah ajudan atau apa, tapi dia diperbantukan di Propam,” ucapnya. Barada E kini diamankan oleh Propam dan menjalani pemeriksaan.  "
Detiknews,"Polri Jelaskan Alasan Kasus Penembakan Brigadir J Baru Diungkap","Jakarta - Polri mengungkapkan alasan mengapa kasus penembakan Brigadir J atau Nopryansah Yosua Butabarat (Brigadir Yosua) di rumah Kadiv Propam Mabes Polri baru dibuka sekarang. Polisi mengatakan hal itu disebabkan oleh pemeriksaan dan penelusuran yang harus dilakukan terlebih dahulu. ""Kita lakukan pemeriksaan dulu, penelusuran dulu,"" kata Karo Penmas Divhumas Polri Brigjen Ahmad Ramadhan kepada wartawan, Senin (11/7/2022). Diketahui, insiden tersebut terjadi pada Jumat sore lalu (8/7). Namun, kasus ini baru dibeberkan pada hari Senin ini. Ramadhan mengatakan pihaknya telah melakukan olah TKP setelah insiden tersebut terjadi. Lalu, Kadiv Propam Mabes Polri Irjen Ferdy Sambo melaporkan kejadian ini ke Polres Metro Jakarta Selatan. ""Menghubungi Kapolres Jaksel dan selanjutnya dilakukan olah TKP,"" ujarnya. Dalam kasus ini, Brigadir J adalah anggota Bareskrim yang ditugaskan sebagai sopir dinas istri Kadiv Propam. Sedangkan Bharada E adalah anggota Brimob yang bertugas sebagai pengawal Kadiv Propam. Ramadhan menjelaskan, peristiwa bermula saat Brigadir J dipergoki melakukan pelecehan terhadap istri Kadiv Propam. Istri Kadiv Propam lalu berteriak minta tolong hingga Bharada E yang berada di lantai atas rumah merespons. ""Teriakannya terdengar oleh Bharada E yang berada di lantai atas sehingga Bharada E turun memeriksa sumber teriakan,"" ujarnya. Teguran dari Bharada E dari depan kamar saat memergoki Brigadir J langsung memicu aksi saling tembak. Peristiwa baku tembak kemudian terjadi di depan kamar. Selain olah TKP, Polri memeriksa 3 saksi terkait kasus ini. ""Pertanyaan Bharada E direspons oleh Brigadir J dengan melepaskan tembakan pertama kali ke arah Bharada E,"" ucapnya.  "
Sindonews,"Brigadir Polisi Ditembak Bharada, Ini Penjelasan Mabes Polri","JAKARTA - Kepala Biro Penerangan Masyarakat (Karo Penmas) Divisi Humas Polri Brigjen Ahmad Ramadhan membenarkan adanya peristiwa baku tembak antara Brigadir Polisi berinisial J dengan Bharada E. Akibat penembakan itu Brigadir J meninggal dunia. ""Saya akan menyampaikan informasi terkait adanya penambakan, di mana peristiwa itu benar telah terjadi pada hari Jumat, 8 Juli 2022. Kurang lebih jam 17 atau jam 5 sore,"" kata Ramadhan di Gedung Divisi Humas Polri, Senin (11/7/2022). Saat ini, kata Ramadhan, pihaknya tengah mendalami kasus baku tembak yang menyebabkan tewasnyaBrigadir J. Lebih lanjut Ramadhan mengungkap Bharada E sudah diamankan usai kejadian tersebut. ""Diamankan, dan tentu sesuai dengan prosedur bila unsur dan buktinya cukup akan diproses lebih lanjut. Jadi diamankan ya, saya belum katakan dia ditahan atau tidak,"" katanya. Saat ditanyakan apakah benar Brigadir J merupakan ajudan Kadiv Propam Polri, Ramadhan mengatakan belum dapat memastikan hal tersebut. ""Ajudan atau siapa tapi yang jelas tadinya personel dari Bareskrim tapi kemudian diperbantukan di Propam, belum tahu apakah ajudan atau apa, tapi dia diperbantukan di Propam,"" katanya.  "
Jpnn,"Brigadir J Masuk Kamar dan Melecehkan Istri Irjen Ferdy Sambo, Ada Teriakan, Dorr!","jpnn.com, JAKARTA SELATAN - Karopenmas Divhumas Polri Brigjen Ahmad Ramadhan mengungkap detik-detik penembakan yang dilakukan Bharada E terhadap Brigadir J atau Nopryansah Yosua Hutabarat di kediaman Irjen Ferdy Sambo pada Jumat (8/7). Dia menyebut penembakan berawal dari tindakan tercela Brigadir J yang memasuki kamar pribadi Irjen Ferdy Sambo selaku Kadiv Propam Polri.Brigadir J kemudian melakukan pelecehan terhadap istri seorang jenderal polisi bintang dua tersebut. “Lalu, Brigadir J menodongkan pistol ke kepala istri kadiv propam,” kata Ramadhan. Atas insiden itu, istri Irjen Ferdy Sambo langsung berteriak untuk minta tolong.“Sontak ketika itu istri kadiv propam berteriak dan meminta tolong. Akibat teriakan tersebut, Brigadir J panik dan keluar dari kamar,” kata Ramadhan. Kemudian, Bharada E yang ada di rumah tersebut langsung mendatangi ke kamar dan bertemu dengan Brigadir J. “Ketika itu, istri Irjen Ferdy Sambo sedang istirahat (di kamar),” kata Ramadhan kepada wartawan, Senin (11/7). Saat itu, Bharada E menanyakan ke Brigadir J terkait apa yang sebenarnya terjadi. Bukannya menjawab, Brigadir J malah menembak Bharada E. “Akibat tembakan itu, terjadilah saling tembak dan menyebabkan Brigadir J meninggal dunia,” kata mantan Kapolres Palu tersebut. Perwira tinggi Polri ini menambahkan berdasar hasil olah TKP dan pemeriksaan saksi, polisi mendapatkan tujuh proyektil peluru yang dikeluarkan dari senjata Brigadir J. “Kemudian ada lima proyektil yang dikeluarkan dari Bharada E,” beber Ramadhan. Dia menegaskan kasus ini masih berproses dan para saksi terus diperiksa untuk menemukan fakta sebenarnya di balik aksi penembakan tersebut. m“Proses ini masih terus berjalan ya,” imbuh Ramadhan.  "
Cnnindonesia,"Brigadir J Merupakan Sopir Istri Kadiv Propam Irjen Ferdy Sambo","Sementara, penembak Brigadir J, Bharada E adalah aide de camp (ADC) atau asisten pribadi dari Kadiv Propam Irjen Ferdy Sambo. ""Dua-duanya merupakan staff atau bagian dari Divisi Propam Mabes Polri,"" ujarnya. Ramadhan mengungkap Brigadir J dan Bharada E merupakan anggota Brimob yang ditugaskan sebagai staf Divisi Propam Polri. ""Kalau Bharada itu anggota Brimob yang di-BKO ke sana, tugasnya melakukan pengamanan dan pengawal terhadap Kadiv Propam,"" ucapnya. Sebelum tertembak, Brigadir J disebut polisi sempat memasuki kamar istri Kadiv Propam Irjen Ferdy Sambo dan melakukan pelecehan. Ramadhan menyebut istri Ferdy sempat berteriak hingga Bharada E mendengar teriakan tersebut. ""Itu benar melakukan pelecehan dan menodongkan senjata dengan pistol ke istri Kepala Kadiv Propam [Ferdy Sambo], itu benar,"" ujar Ramadhan saat dikonfirmasi, Senin (11/7). Setelah mendengar teriakan istri Ferdy, Brigadir J panik dan keluar dari kamar hingga bertemu dengan Bharada E. Kemudian, dari atas tangga, Bharada E menanyakan apa yang terjadi di dalam dan dibalas dengan tembakan oleh Brigadir J. Brigadir J pun mengeluarkan tembakan sebanyak tujuh kali dan dibalas oleh Bharada E sebanyak lima kali. Tujuh tembakan J sama sekali tak mengenai tubuh Bharada E. Menurut Ramadhan hal ini disebabkan jarak tembakan Brigadir J sekitar 10 meter dari lantai bawah. Setelah kejadian itu, istri Ferdy menelepon suaminya yang sedang melakukan tes PCR di luar rumah.  "
Sindonews,"Polri: Istri Kadiv Propam Teriak Minta Tolong, Brigadir J Panik Keluar Kamar","JAKARTA - Baku tembak terjadi di rumah dinas Kadiv Propam Polri Irjen Ferdy Sambo yang berada di kompleks Perumahan Dinas Polri Duren Tiga pada Jumat (8/7/2022) pukul 17.00 WIB. Brigadir Polisi J tewas ditembak oleh Bharada E dalam peristiwa tersebut. Karo Penmas Divisi Humas Polri, Brigjen Pol Ahmad Ramadhan menjelaskan bahwa baku tembak yang menyebabkan Brigadir J meninggal diawali oleh Brigadir J. Peristiwa itu berawal ketika Brigadir J memasuki kamar pribadi dan melecehkan istri Kadiv Propam Polri Irjen Ferdy Sambo. ""Ibu Kadiv berteriak minta tolong, dan Brigadir J panik lalu keluar dari kamar,"" kata Ramadhan di Gedung Humas Mabes Polri, Senin (11/7/2022). Mendengar teriakan tersebut, Bharada E yang sedang bertugas menjaga keamanan di rumah Irjen Pol Ferdy langsung memeriksa dan bertanya dari lantai dua kepada Brigadir J yang berada di lantai satu. Namun, bukannya menjawab, Brigadir J malah melemparkan tembakan ke Bharada E hingga tujuh kali. Akibat peristiwa tersebut, Ramadhan mengatakan, bahwa Bharada membalas tembakan sebagai bentuk pertahanan diri. Ramadhan mengungkap, Bharada E melemparkan tembakan hingga lima kali dan mengakibatkan Brigadir J tewas di depan kamar istri Irjen Ferdy. ""Akibat tembakan tersebut terjadilah saling tembak. Dan berakibat Brigadir J meninggal dunia,"" kata Ramadhan. ""Dari hasil olah TKP dan pemeriksaan saksi dan alat bukti di TKP, ada 7 proyektil yang dikeluarkan dari Brigadir J dan 5 proyektil yang dikeluarkan dari Bharada E,"" katanya.  "
Tirto,"Motif Polisi Tembak Polisi di Rumah Kadiv Propam: Bela Diri","tirto.id - Mabes Polri membeberkan motif penembakan polisi tembak polisi di rumah dinas Kadiv Propam Polri Irjen Pol Ferdy Sambo, kawasan Duren Tiga, Jakarta Selatan, yaitu membela diri. Peristiwa terjadi pada Jumat 8 Juli 2022 sekira pukul 17.00 WIB. Karo Penmas Divisi Humas Polri Brigjen Pol Ahmad Ramadhan menjelaskan peristiwa baku tembak berawal dari saat Brigadir J, sopir melakukan pelecehan seksual terhadap istri Ferdy Sambo di kamar tidur pribadinya. ""Brigadir J memasuki kamar Kadiv Propam. Saat itu, istri Kadiv Propam sedang istirahat. Kemudian Brigadir J melakukan tindakan pelecehan dan menodongkan pistol ke kepala istri Kadiv Propam,"" kata Ahmad Ramadhan, di Mabes Polri, Jakarta, Senin (11/7/2022). Istri Kadiv Propam itu sontak berteriak minta tolong. Brigadir J panik dan segera angkat kaki dari kamar itu. Teriakan tersebut didengar oleh staf atau ajudan Kadiv Propam, Bharada E yang berada di lantai dua. Jarak antara dua anggota polisi aktif itu sekira 10 meter, mereka dipisahkan tangga. Bharada E lalu bertanya ""ada apa?"", namun Brigadir J membalas jawaban dengan tembakan ke arah Bharada E. Baku tembak tak terelakkan, hasilnya Brigadir J tewas. Brigadir J menembakkan tujuh peluru, sementara Bharada E melepaskan lima peluru. ""Tindakan yang dilakukan oleh Bharada E untuk melindungi diri, karena ancaman dari Brigadir J. Saat kejadian, Kadiv Propam tidak ada di rumah,"" terang Ramadhan. Usai peristiwa, istri Ferdy Sambo menelepon suaminya untuk mengabarkan insiden yang terjadi di rumahnya. Ferdy Sambo pun segera pulang, dan langsung menghubungi Kapolres Metro Jakarta Selatan untuk mengusut perkara. Dalam pemeriksaa, ditemukan sayatan di tubuh Brigadir J. Ramadhan mengatakan itu merupakan gesekan proyektil. Meski lima tembakan ke arah Brigadir J, tapi ada tujuh luka tembak. Ramadhan mencontohkan satu peluru diduga mengenai tangannya lantas tembus ke badan, termasuk sayatan. Ramadhan pun mengklaim kasus ini akan diusut. ""Kewajiban Polri menangani kasus, tanpa didesak. Kasus ini tidak akan didiamkan, pasti ditelusuri,"" jelas Ramadhan. Ramadhan kembali menegaskan bahwa motif Bharada E adalah membela diri. ""Motifnya adalah membela diri dan membela ibu [istri Sambo],"" klaim Ramadhan. Baik, Brigadir J maupun Bharada E sama-sama bertugas sebagai staf di Divisi Propam Polri. Brigadir J adalah sopir pribadi istri Sambo, sedangkan Bharada E adalah asisten Ferdy Sambo, sekaligus bertugas mengamankan istri Ferdy Sambo.  "
Kumparan,"Brigadir Yosua Sopir Istri Kadiv Propam Irjen Ferdy Sambo","Polri terus mengungkap soal aksi saling tembak antara Bharada E dengan Brigadir Nofriansyah Yosua Hutabarat di rumah dinas Kadiv Propam Polri Irjen Ferdy Sambo. Yosua bertugas di sana sebagai sopir istri Ferdy Sambo, Ny Putri Sambo. “Brigadir J [Yosua] adalah anggota Bareskrim yang ditugaskan sebagai sopir dinas istri Kadiv Propam, sedangkan Bharada E adalah anggota Brimob yang bertugas sebagai pengawal Kadiv Propam,” kata Karo Penmas Divisi Humas Polri, Brigjen Pol Ahmad Ramadhan kepada wartawan, Senin (11/7). Penembakan bermula saat Yosua masuk ke kamar Putri, melecehkan, lalu menodong istri Kadiv Propam itu dengan pistol. Penembakan tersebut terjadi lantaran Brigadir Yosua masuk ke dalam kamar Putri dan melakukan tindakan pelecehan. Putri lalu teriak. Teriakan itu didengar Bharada E yang berada di lantai atas. Mendapati E sudah turun, Yosua menembak E 7 kali. Tembakan itu dibalas 5 kali dan mengenai Yosua hingga tewas. “Berdasarkan keterangan dan barang bukti di lapangan bahwa Brigadir J [Yosua] memasuki kamar pribadi Kadiv Propam dan melecehkan istri Kadiv Propam dengan todongan senjata,” jelasnya. “Pertanyaan Bharada E direspons oleh Brigadir J dengan melepaskan tembakan pertama kali ke arah Bharada E,” ungkap Ramadhan.  "
Retensi,"Kronologi Penembakan Maut Brigadir Yosua, Keluarga Ungkap Hal Ganjal","Jakarta, Retensi.id – Brigadir Yosua (Brigadir J) atau Nopryansah Yosua Hutabarat tewas ditembak Bharada E pada Jumat (8/7/2022) pukul 17.00 WIB. Keluarga Brigadir J buka suara pada Senin (11/7/2022), ada 4 luka tembak, bekas sayat, dan 2 jari putus. Brigadir Yosua (Brigadir J) ditembak oleh Bharata E di rumah Kadiv Propam Polri Irjen Ferdy Sambo pada Jumat (8/7/2022) pukul 17.00 WIB. Kronologi penembakan Bharada E yang saat itu sedang bertugas jaga. Ia mengetahui bahwa Brigadir J memasuki rumah Irjen Ferdy Sambo di Kompleks Polri Duren Tiga, Jakarta Selatan. Brigadir J yang merupakan anggota Brimob yang bertugas sebagai ajudan Irjen Ferdy Sambo, ditegur oleh Bharada E. Brigadir J ditanyai mengapa ia disana. Akan tetapi, Brigadir J membalas teguran itu dengan mengacungkan senjata lalu melakukan penembakan. Bharada E menghindari tembakan dan juga membalasnya dengan tembakan balik. Tembakan itu mengakibatkan Brigadir J tewas Hal itu disampaikan oleh Karo Penmas Divisi Humas Polri Brigjen Ahmad Ramadhan di Jakarta pada Senin (11/7/2022). Ramadhan menyampaikan bahwa yang dilakukan oleh Bharada E merupakan aksi pembelaan dirinya terhadap Brigadir J yang melepas tembakan terlebih dahulu. Seusai peristiwa penembakan itu, Bharada E langsung diamankan namun belum dipastikan akan ditahan atau tidak. Jika cukup unsur pidana dan bukti, kasus akan ditindak tegas lebih lanjut sesuai prosedur. Keluarga Brigadir J Buka Suara Keluarga menganggap janggal atas tewasnya Brigadir J. Roslin, tante dari Brigadir J pada Senin (11/7/2022) mengungkapkan bahwa di tubuh jasad terdapat empat luka tembak, diantaranya 3 di dekat bahu dadn 1 di tangan.Selain itu, juga terdapat luka sayatan di tubuh dan dua jari putus. Roslin menyampaikan, jika hanya adu tembak seharusnya tidak ada luka sayat. Keluarga mengatakan di tubuh Yosua ada empat luka tembakan dan luka bekas sayatan, bahkan dua jarinya putus. Propam Mabes Polri dan Polres Jakarta Selatan saat ini sedang melakukan penyelidikan, termasuk alasan Brigadir J masuk ke rumah Irjen Ferdy Sambo.  "
Wowkeren,"Kronologi Polisi Adu Tembak di Rumah Irjen Ferdy Sambo, Gara-gara Ada Pelecehan?","Satu orang tewas dalam peristiwa adu tembak antara 2 orang anggota polisi di rumah Irjen Ferdy Sambo. Salah satu polisi itu diduga sempat berniat melecehkan istri Irjen Ferdy.WowKeren - Kabar mengenai peristiwa saling tembak antara dua orang polisi di rumah Kepala Divisi Propam Irjen Ferdy Sambo, daerah Duren Tiga, Jakarta Selatan, sukses menggegerkan publik. Seorang anggota polisi Brigadir J terlibat baku tembak dengan Bhayangkara Dua (Bharada) pada Jumat (8/7) lalu. Brigadir J meninggal dunia usai insiden tersebut, sementara Bharada E diamankan dan telah menjalani pemeriksaan intensif oleh Propam Polri. Kasus ini sekarang ditangani oleh Propam Polri dan Polres Metro Jakarta Selatan. Lantas, apa yang jadi penyebab kedua anggota polisi itu terlibat adu tembak? Dijelaskan oleh Kepala Biro Penerangan Masyarakat Divisi Humas Polri, Brigjen Ahmad Ramadhan kasus tersebut terkait dengan percobaan pelecehan kepada istri Irjen Ferdy Sambo. Ramadhan mengungkap bahwa Brigadir J ditembak setelah memasuki kamar istri Ferdy dan melakukan pelecehan. ""Itu benar melakukan pelecehan dan menodongkan senjata dengan pistol ke istri Kepala Kadiv Propam [Ferdy Sambo], itu benar,"" ujar Ramadhan saat dikonfirmasi, Senin (11/7). Istri Irjen Ferdy pun sempat berteriak saat kejadian. Saat itulah Brigadir J menjadi panik dan berusaha kabur dari kamar tersebut. Saat itulah Brigadir J bertemu dengan Bharada E yang memang sedang menuju kamar tersebut usai mendengar teriakan. ""Nah di luar kamar itu kan teriak, setelah dengar teriakan, itu Bharada E itu dari atas, masih di atas itu bertanya 'ada apa bang?' tapi langsung disambut dengan tembakan yang dilakukan oleh Brigadir J gitu,"" tuturnya. Sayangnya, hal itu malah dibalas dengan tembakan oleh Brigadir J. Bharada E pun menghindar dan membalas tembakan tersebut. ""Akibat penembakan yang dilakukan Bharada E itu mengakibatkan Brigadir J meninggal dunia,"" ungkap Ramadhan. Selain luka tembak, pihak keluarga mengaku menemukan luka sayatan di tubuh Brigadir J hingga ada jarinya yang putus. ""Yang luka tembak itu 3 di bagian dekat bahu lalu 1 nya di tangan,"" ungkap tante dari Brigadir J, Roslin, mengutip Detik.com. Sementara Bharada E saat ini telah diamankan pihak kepolisian. Namun, Ramadhan belum bisa memastikan mengenai status Bharada E saat ini. ""Tentu sesuai dengan prosedur bila unsur dan buktinya cukup akan diproses lebih lanjut. Jadi diamankan ya, saya belum katakan dia ditahan atau tidak,"" kata Ramadhan saat konferensi pers, Senin (11/7). "
